reaction_id,parent_post_id,club,reaction_type,clean_text,official_text,official_post_type,official_post_topic,relevancia,tema,emocao,polaridade,intencao,confianca_modelo,justificativa_curta
8105f42cfad58c93,2067261004287799628,Sao Paulo,QUOTE,400 REAIS VAI SE FUDE https://t.co/WFBIczTeHG https://t.co/YFkTnuFY6n,"Estilo streetwear com a essência do Tricolor. 🔴⚪⚫ A nova Camisa Manga Longa São Paulo New Balance traz conforto, atitude e um visual marcante pra quem vive o SPFC em qualquer ocasião. 🔥 Garanta já a sua na SAO Store. 🛒 https://t.co/B5L6UKbU8u https://t.co/TE6d8Q4DMi",PRODUTO_CAMISA,PRODUTO_OFICIAL,RELEVANTE,PRODUTO_OFICIAL,RAIVA,NEGATIVO,CRITICA,0.8,"Torcedor critica o preço da camisa (R$400) de forma agressiva, demonstrando raiva."
94b6a56826c71ce9,2067291309803503921,Sao Paulo,QUOTE,"@WesleydeArajoG1 @SaoPauloFC Oito jogadores que já jogaram nos profissionais, obrigação ganhar e ganhar bem hoje! https://t.co/pIZ50ZKkDq","Brasileiro Sub-20: Tricolor escalado para enfrentar o Juventude, às 15h, no CFAC Juventude, em Caxias do Sul (RS)! #MadeInCotia #VamosSãoPaulo 🇾🇪 https://t.co/qGVoAU099C",ESCALACAO,CATEGORIA_BASE,RELEVANTE,DESEMPENHO_EM_CAMPO,FRUSTRACAO,NEGATIVO,COBRANCA,0.9,"Torcedor cobra que o time, por ter jogadores experientes, tem obrigação de vencer e vencer bem."
a8b7ed4e140d91f8,2067291309803503921,Sao Paulo,QUOTE,Nicolas voltou da viagem até a Copa e será titular. Isac no banco. https://t.co/Frr3dWRNub,"Brasileiro Sub-20: Tricolor escalado para enfrentar o Juventude, às 15h, no CFAC Juventude, em Caxias do Sul (RS)! #MadeInCotia #VamosSãoPaulo 🇾🇪 https://t.co/qGVoAU099C",ESCALACAO,CATEGORIA_BASE,RELEVANTE,ELENCO,NEUTRO,NEUTRO,INFORMACAO,0.9,"O torcedor comenta sobre a escalação de Nicolas como titular, citando seu retorno de viagem, sem expressar emoção ou crítica clara."
2aabaaa64cd5536e,2067298821130858794,Sao Paulo,QUOTE,"Inacreditável, com mais um jogo em Cotia, novamente o São Paulo não transmite o confronto. E o pior que o clube não faz nem questão de explicar a razão pela qual não transmite o confronto. https://t.co/kN589ZZOQB","Brasileiro Sub-17: Tricolor escalado para enfrentar o Fluminense, às 15h, no CFA Laudo Natel, em São Paulo (SP)! #MadeInCotia #VamosSãoPaulo 🇾🇪 https://t.co/NR5QVPNdhF",ESCALACAO,CATEGORIA_BASE,RELEVANTE,COMUNICACAO_DO_CLUBE,FRUSTRACAO,NEGATIVO,CRITICA,0.9,Torcedor critica a falta de transmissão do jogo e a ausência de explicação do clube.
3121a3ae346b911a,2067335082092708037,Sao Paulo,QUOTE,"Enquanto tá geral olhando pra copa, Xerém vai fazendo vítimas… olha o sub-17 goleando o São Paulo dentro do CT de Cotia! https://t.co/XEPC5KcxAq",Brasileiro Sub-17: Fim de jogo #SPFCxFLU (1x4) https://t.co/Fn0ETHCa7U,RESULTADO,CATEGORIA_BASE,RELEVANTE,CATEGORIA_BASE,ORGULHO,POSITIVO,ELOGIO,0.9,"Torcedor celebra vitória do sub-17 do Fluminense sobre o São Paulo, demonstrando orgulho e elogio à base do clube."
43a76c2fd290cacd,2067335082092708037,Sao Paulo,QUOTE,já já o menta desce pro sub-15 e aí vai poder pedir música no fantástico pq fodeu com 3 categorias diferentes 🤩 homem desgraçado e clube falido https://t.co/yTeCgRIIVI,Brasileiro Sub-17: Fim de jogo #SPFCxFLU (1x4) https://t.co/Fn0ETHCa7U,RESULTADO,CATEGORIA_BASE,RELEVANTE,TECNICO,RAIVA,NEGATIVO,CRITICA,0.9,"Torcedor critica técnico (Menta) por desempenho em três categorias, demonstra raiva e descontentamento."
e79f7b3f1353d8d4,2067335082092708037,Sao Paulo,QUOTE,Que bom! https://t.co/3WzKDXFmH2,Brasileiro Sub-17: Fim de jogo #SPFCxFLU (1x4) https://t.co/Fn0ETHCa7U,RESULTADO,CATEGORIA_BASE,RELEVANTE,CATEGORIA_BASE,ALEGRIA,POSITIVO,APOIO,0.9,Torcedor expressa contentamento com resultado da categoria base.
aacbf265450efc6f,2067335082092708037,Sao Paulo,REPLY,@SaoPauloFC clube falido em todos os âmbitos,Brasileiro Sub-17: Fim de jogo #SPFCxFLU (1x4) https://t.co/Fn0ETHCa7U,RESULTADO,CATEGORIA_BASE,RELEVANTE,DIRETORIA,FRUSTRACAO,NEGATIVO,CRITICA,0.8,Torcedor critica gestão financeira do clube em resposta a resultado ruim da base.
af72c492914bd360,2067335082092708037,Sao Paulo,REPLY,@SaoPauloFC Presságio do amistoso que vem aí 😁,Brasileiro Sub-17: Fim de jogo #SPFCxFLU (1x4) https://t.co/Fn0ETHCa7U,RESULTADO,CATEGORIA_BASE,RELEVANTE,CATEGORIA_BASE,IRONIA,NEUTRO,PROVOCACAO,0.9,"Torcedor faz referência irônica ao resultado negativo, associando-o a um futuro amistoso."
14d9e4415c8bda7e,2067338406628090101,Sao Paulo,QUOTE,Surreal. Com todos os profissionais e mesmo assim não vence. https://t.co/M1lv2aIQpp,Brasileiro Sub-20: Fim de jogo #JUVxSPFC (1-0) https://t.co/7jnhqOZ4pm,RESULTADO,CATEGORIA_BASE,RELEVANTE,CATEGORIA_BASE,FRUSTRACAO,NEGATIVO,CRITICA,0.9,"Torcedor critica derrota mesmo com profissionais, demonstrando frustração."
2688172b2f33f024,2067338406628090101,Sao Paulo,QUOTE,"Desde 2022 o São Paulo não consegue ficar entre os 6 melhores times do Brasileirão sub-20, ganharam títulos muito por conta da competência absurda do Allan, trabalho pífio com a base, invés de apostar com (Belleti, Júlio) no sub-17 jogam eles no sub-20, diretoria retardada ($$$) https://t.co/QO0geJreKu",Brasileiro Sub-20: Fim de jogo #JUVxSPFC (1-0) https://t.co/7jnhqOZ4pm,RESULTADO,CATEGORIA_BASE,RELEVANTE,CATEGORIA_BASE,RAIVA,NEGATIVO,CRITICA,0.9,"Crítica direta ao trabalho da base e diretoria, expressando insatisfação com resultados recentes."
9c606c66fb5ad832,2067338406628090101,Sao Paulo,QUOTE,Estava dormindo ou com vergonha? https://t.co/gVUB0NMyA1,Brasileiro Sub-20: Fim de jogo #JUVxSPFC (1-0) https://t.co/7jnhqOZ4pm,RESULTADO,CATEGORIA_BASE,RELEVANTE,CATEGORIA_BASE,IRONIA,NEGATIVO,CRITICA,0.9,"Torcedor critica de forma irônica a derrota do time na base, questionando se estavam dormindo ou com vergonha."
abd8ac459484500a,2067338406628090101,Sao Paulo,QUOTE,"E assim Cotia vai sendo destruída aos poucos. Com gestões danosas ao clube, além de trazer técnicos com trabalhos muito duvidosos, o São Paulo perde para o lanterna do Brasileirão Sub 20, Juventude, por 1 a 0. https://t.co/zhN8rZqrLu",Brasileiro Sub-20: Fim de jogo #JUVxSPFC (1-0) https://t.co/7jnhqOZ4pm,RESULTADO,CATEGORIA_BASE,RELEVANTE,CATEGORIA_BASE,RAIVA,NEGATIVO,CRITICA,0.9,"O torcedor critica a gestão e a escolha de técnicos, demonstrando raiva pela derrota e pela situação de Cotia."
8df3648cb5664d01,2067338406628090101,Sao Paulo,REPLY,"@SaoPauloFC Vamo ser rebaixado no sub-20, o nível de amadorismo desse clube chegou em seu ápice! Nada presta nessa merda a nao ser a torcida...",Brasileiro Sub-20: Fim de jogo #JUVxSPFC (1-0) https://t.co/7jnhqOZ4pm,RESULTADO,CATEGORIA_BASE,RELEVANTE,CATEGORIA_BASE,RAIVA,NEGATIVO,CRITICA,0.95,"Torcedor critica a situação da categoria base do clube, expressando frustração e raiva."
9d812f849c805229,2067338406628090101,Sao Paulo,REPLY,@SaoPauloFC Misericórdia até aí estamos sofrendo ..... #ForaJulioBatista,Brasileiro Sub-20: Fim de jogo #JUVxSPFC (1-0) https://t.co/7jnhqOZ4pm,RESULTADO,CATEGORIA_BASE,RELEVANTE,CATEGORIA_BASE,FRUSTRACAO,NEGATIVO,CRITICA,0.9,Torcedor expressa frustração com derrota e critica técnico Julio Batista.
f07bf7cb84585790,2067338406628090101,Sao Paulo,REPLY,@SaoPauloFC Alguém salva a base do SP,Brasileiro Sub-20: Fim de jogo #JUVxSPFC (1-0) https://t.co/7jnhqOZ4pm,RESULTADO,CATEGORIA_BASE,RELEVANTE,CATEGORIA_BASE,FRUSTRACAO,NEGATIVO,PEDIDO,0.8,Torcedor expressa frustração e pede por melhorias na base após derrota.
4d4e4d68d36c3d1b,2067359047389487371,Sao Paulo,QUOTE,Os bagres voltaram https://t.co/OuG4vjvfyN,Reapresentação e início da intertemporada tricolor! #VamosSãoPaulo 🇾🇪 📸 Rubens Chiri / São Paulo FC https://t.co/q33LCeJ4ra,BASTIDORES,FUTEBOL_PROFISSIONAL_MASCULINO,RELEVANTE,ELENCO,IRONIA,NEGATIVO,CRITICA,0.9,"Torcedor usa ironia para criticar os jogadores, referindo-se a eles como 'bagres'."
6ff6971602527469,2067359047389487371,Sao Paulo,QUOTE,imagina a maldição que não foi esse treino https://t.co/NQV2e04ayt,Reapresentação e início da intertemporada tricolor! #VamosSãoPaulo 🇾🇪 📸 Rubens Chiri / São Paulo FC https://t.co/q33LCeJ4ra,BASTIDORES,FUTEBOL_PROFISSIONAL_MASCULINO,RELEVANTE,DESEMPENHO_EM_CAMPO,IRONIA,NEGATIVO,CRITICA,0.9,"Torcedor ironiza o treino como azarado, indicando crítica ao desempenho do time."
b44d57b0edd16647,2067359047389487371,Sao Paulo,QUOTE,MELHOR NÃO https://t.co/w16yM6NaSy,Reapresentação e início da intertemporada tricolor! #VamosSãoPaulo 🇾🇪 📸 Rubens Chiri / São Paulo FC https://t.co/q33LCeJ4ra,BASTIDORES,FUTEBOL_PROFISSIONAL_MASCULINO,RELEVANTE,DESEMPENHO_EM_CAMPO,FRUSTRACAO,NEGATIVO,CRITICA,0.85,"O torcedor expressa descontentamento com a reapresentação, sugerindo sarcasticamente que seria melhor não se reapresentar, indicando frustração com desempenho passado."
c4331e3e53897974,2067359047389487371,Sao Paulo,QUOTE,Eu não esqueci https://t.co/7pI8HEDOFD https://t.co/wvX3e1Er85,Reapresentação e início da intertemporada tricolor! #VamosSãoPaulo 🇾🇪 📸 Rubens Chiri / São Paulo FC https://t.co/q33LCeJ4ra,BASTIDORES,FUTEBOL_PROFISSIONAL_MASCULINO,RELEVANTE,DESEMPENHO_EM_CAMPO,FRUSTRACAO,NEGATIVO,CRITICA,0.8,"Torcedor reage a postagem de reapresentação com referência a evento passado mal resolvido, expressando frustração e crítica."
03e4aa5f84e106d2,2067359047389487371,Sao Paulo,REPLY,@SaoPauloFC Meu medo e perder logo na primeira partida pós copa....,Reapresentação e início da intertemporada tricolor! #VamosSãoPaulo 🇾🇪 📸 Rubens Chiri / São Paulo FC https://t.co/q33LCeJ4ra,BASTIDORES,FUTEBOL_PROFISSIONAL_MASCULINO,RELEVANTE,DESEMPENHO_EM_CAMPO,ANSIEDADE,NEGATIVO,CRITICA,0.8,"O torcedor expressa medo de perder o primeiro jogo pós-copa, indicando preocupação com o desempenho da equipe."
68cb447542e494b2,2067359047389487371,Sao Paulo,REPLY,@SaoPauloFC Nossos Guerreiros! 😫🥱,Reapresentação e início da intertemporada tricolor! #VamosSãoPaulo 🇾🇪 📸 Rubens Chiri / São Paulo FC https://t.co/q33LCeJ4ra,BASTIDORES,FUTEBOL_PROFISSIONAL_MASCULINO,RELEVANTE,ELENCO,FRUSTRACAO,NEGATIVO,CRITICA,0.8,"Torcedor usa emoji de cansaço para criticar a postura do elenco, indicando frustração."
80dbb51bd9a7553c,2067359047389487371,Sao Paulo,REPLY,@SaoPauloFC Não precisa de descanso e nem de treinamento porque esse time não faz nada mesmo.,Reapresentação e início da intertemporada tricolor! #VamosSãoPaulo 🇾🇪 📸 Rubens Chiri / São Paulo FC https://t.co/q33LCeJ4ra,BASTIDORES,FUTEBOL_PROFISSIONAL_MASCULINO,RELEVANTE,DESEMPENHO_EM_CAMPO,FRUSTRACAO,NEGATIVO,CRITICA,0.9,"Torcedor critica o time por falta de ação em campo, expressando frustração."
c2c12e84c0209d4c,2067359047389487371,Sao Paulo,REPLY,@SaoPauloFC Time fede a fracasso.,Reapresentação e início da intertemporada tricolor! #VamosSãoPaulo 🇾🇪 📸 Rubens Chiri / São Paulo FC https://t.co/q33LCeJ4ra,BASTIDORES,FUTEBOL_PROFISSIONAL_MASCULINO,RELEVANTE,ELENCO,RAIVA,NEGATIVO,CRITICA,0.8,"Torcedor critica o time de forma negativa, expressando frustração com o desempenho."
d4dcd74b25bae14c,2067359047389487371,Sao Paulo,REPLY,@SaoPauloFC por mim,Reapresentação e início da intertemporada tricolor! #VamosSãoPaulo 🇾🇪 📸 Rubens Chiri / São Paulo FC https://t.co/q33LCeJ4ra,BASTIDORES,FUTEBOL_PROFISSIONAL_MASCULINO,NAO_RELEVANTE,OUTRO,NEUTRO,NEUTRO,OUTRO,0.5,Resposta incompleta sem contexto ou opinião clara.
04f0bd72e12726cb,2067383876234674418,Sao Paulo,REPLY,@SaoPauloFC Rui Costa já foi demitido? Já espancaram o Olten a caminho da barra funda pra servir de exemplo? Quantos ratos ainda estão vivos?,As imagens do início da nossa intertemporada! #VamosSãoPaulo 🇾🇪 🎥 Gutierre Filmes https://t.co/eWa3yiY9j2,BASTIDORES,FUTEBOL_PROFISSIONAL_MASCULINO,RELEVANTE,DIRETORIA,RAIVA,NEGATIVO,CRITICA,0.9,"Torcedor critica diretoria do clube, pedindo demissões e demonstrando raiva."
2935259613b40931,2067383876234674418,Sao Paulo,REPLY,@SaoPauloFC Cadê as contratações porra e tem que mandar meio time pra rua,As imagens do início da nossa intertemporada! #VamosSãoPaulo 🇾🇪 🎥 Gutierre Filmes https://t.co/eWa3yiY9j2,BASTIDORES,FUTEBOL_PROFISSIONAL_MASCULINO,RELEVANTE,CONTRATACAO,RAIVA,NEGATIVO,COBRANCA,0.9,Torcedor cobra contratações e demonstra insatisfação com o elenco.
632e211aba7fc148,2067585650593857766,Sao Paulo,QUOTE,Se convocasse o goat no lugar do neymar a classificação pra final já ficava garantida https://t.co/63RA49anwL,"🎉 Feliz aniversário, Wellington Rato! Campeão da Copa do Brasil de 2023 e da Supercopa Rei de 2024, o meia-atacante completa 3️⃣4️⃣ anos nesta quinta-feira. Parabéns e felicidades! 🥳 #VamosSãoPaulo 🇾🇪 https://t.co/OilIyWzHHx",OUTRO,INSTITUCIONAL,POUCO_INFORMATIVO,OUTRO,IRONIA,NEUTRO,CRITICA,0.8,"Reação ao aniversário de Wellington Rato, mas foca em convocação para a seleção brasileira, com tom irônico e crítica sobre a escalação de Neymar."
1ffc7130cf9d49c6,2067585650593857766,Sao Paulo,REPLY,@SaoPauloFC Lenda,"🎉 Feliz aniversário, Wellington Rato! Campeão da Copa do Brasil de 2023 e da Supercopa Rei de 2024, o meia-atacante completa 3️⃣4️⃣ anos nesta quinta-feira. Parabéns e felicidades! 🥳 #VamosSãoPaulo 🇾🇪 https://t.co/OilIyWzHHx",OUTRO,INSTITUCIONAL,RELEVANTE,ELENCO,APOIO,POSITIVO,ELOGIO,0.9,"O torcedor chama Wellington Rato de 'Lenda', um elogio claro e emocão de apoio, polaridade positiva."
3757b0db211e17f9,2067586213846859919,Sao Paulo,QUOTE,Feliz Natal https://t.co/EsPChro7xd,"🎉 Feliz aniversário, Wellington Rato! Campeão da Copa do Brasil de 2023 e da Supercopa Rei de 2024, o meia-atacante completa 3️⃣4️⃣ anos nesta quinta-feira. Parabéns e felicidades! 🥳 #VamosSãoPaulo 🇾🇪 https://t.co/QhlYO5Clej",OUTRO,INSTITUCIONAL,NAO_RELEVANTE,OUTRO,NEUTRO,NEUTRO,MEME_PIADA,0.8,A reação 'Feliz Natal' parece desconexa da postagem de aniversário e pode ser uma piada ou meme.
5bb78377566ee31d,2067586213846859919,Sao Paulo,QUOTE,VOLTA RATO https://t.co/nxbrJ2j9QL,"🎉 Feliz aniversário, Wellington Rato! Campeão da Copa do Brasil de 2023 e da Supercopa Rei de 2024, o meia-atacante completa 3️⃣4️⃣ anos nesta quinta-feira. Parabéns e felicidades! 🥳 #VamosSãoPaulo 🇾🇪 https://t.co/QhlYO5Clej",OUTRO,INSTITUCIONAL,RELEVANTE,ELENCO,NEUTRO,POSITIVO,PEDIDO,0.9,"Torcedor pede o retorno do jogador, demonstrando apoio e desejo de vê-lo novamente no clube."
c67fea2bd3fa7aaa,2067586213846859919,Sao Paulo,QUOTE,Obrigado por tudo https://t.co/613P2O0srm,"🎉 Feliz aniversário, Wellington Rato! Campeão da Copa do Brasil de 2023 e da Supercopa Rei de 2024, o meia-atacante completa 3️⃣4️⃣ anos nesta quinta-feira. Parabéns e felicidades! 🥳 #VamosSãoPaulo 🇾🇪 https://t.co/QhlYO5Clej",OUTRO,INSTITUCIONAL,RELEVANTE,ELENCO,NEUTRO,POSITIVO,APOIO,0.9,"Torcedor agradece ao jogador, demonstrando apoio e sentimento positivo."
e395596b8e616cd0,2067586213846859919,Sao Paulo,QUOTE,Vi jogar. https://t.co/F0UWrHB20F,"🎉 Feliz aniversário, Wellington Rato! Campeão da Copa do Brasil de 2023 e da Supercopa Rei de 2024, o meia-atacante completa 3️⃣4️⃣ anos nesta quinta-feira. Parabéns e felicidades! 🥳 #VamosSãoPaulo 🇾🇪 https://t.co/QhlYO5Clej",OUTRO,INSTITUCIONAL,RELEVANTE,DESEMPENHO_EM_CAMPO,NEUTRO,NEUTRO,INFORMACAO,0.8,"O torcedor apenas afirma que viu o jogador atuar, sem expressar emoção ou julgamento."
fe7772bf5ee592d1,2067586213846859919,Sao Paulo,QUOTE,Vou dizer para meus filhos que esse foi Raí. https://t.co/ElRmxx6lwX,"🎉 Feliz aniversário, Wellington Rato! Campeão da Copa do Brasil de 2023 e da Supercopa Rei de 2024, o meia-atacante completa 3️⃣4️⃣ anos nesta quinta-feira. Parabéns e felicidades! 🥳 #VamosSãoPaulo 🇾🇪 https://t.co/QhlYO5Clej",OUTRO,INSTITUCIONAL,RELEVANTE,ELENCO,IRONIA,NEGATIVO,MEME_PIADA,0.9,"Torcedor faz piada comparando Wellington Rato a Raí, ironizando a baixa qualidade do jogador."
005e7c63ffdc7861,2067586213846859919,Sao Paulo,REPLY,"@SaoPauloFC Rato, eterno!","🎉 Feliz aniversário, Wellington Rato! Campeão da Copa do Brasil de 2023 e da Supercopa Rei de 2024, o meia-atacante completa 3️⃣4️⃣ anos nesta quinta-feira. Parabéns e felicidades! 🥳 #VamosSãoPaulo 🇾🇪 https://t.co/QhlYO5Clej",OUTRO,INSTITUCIONAL,RELEVANTE,ELENCO,ALEGRIA,POSITIVO,APOIO,0.9,"Torcedor parabeniza jogador, demonstrando alegria e apoio."
25456c1dad7064c6,2067586213846859919,Sao Paulo,REPLY,@SaoPauloFC São Paulo FC Legend ❤️,"🎉 Feliz aniversário, Wellington Rato! Campeão da Copa do Brasil de 2023 e da Supercopa Rei de 2024, o meia-atacante completa 3️⃣4️⃣ anos nesta quinta-feira. Parabéns e felicidades! 🥳 #VamosSãoPaulo 🇾🇪 https://t.co/QhlYO5Clej",OUTRO,INSTITUCIONAL,RELEVANTE,ELENCO,APOIO,POSITIVO,ELOGIO,0.9,"Torcedor elogia e celebra o aniversário de Wellington Rato, mostrando apoio ao clube e ao jogador."
74ea611e960a3421,2067586213846859919,Sao Paulo,REPLY,@SaoPauloFC Pai das galinhas,"🎉 Feliz aniversário, Wellington Rato! Campeão da Copa do Brasil de 2023 e da Supercopa Rei de 2024, o meia-atacante completa 3️⃣4️⃣ anos nesta quinta-feira. Parabéns e felicidades! 🥳 #VamosSãoPaulo 🇾🇪 https://t.co/QhlYO5Clej",OUTRO,INSTITUCIONAL,RELEVANTE,RIVALIDADE,IRONIA,NEGATIVO,PROVOCACAO,0.8,"O torcedor provoca o clube adversário (palmeiras) com ironia, chamando Wellington Rato de 'pai das galinhas'."
8df97a262755651c,2067586213846859919,Sao Paulo,REPLY,@SaoPauloFC volta vida,"🎉 Feliz aniversário, Wellington Rato! Campeão da Copa do Brasil de 2023 e da Supercopa Rei de 2024, o meia-atacante completa 3️⃣4️⃣ anos nesta quinta-feira. Parabéns e felicidades! 🥳 #VamosSãoPaulo 🇾🇪 https://t.co/QhlYO5Clej",OUTRO,INSTITUCIONAL,NAO_RELEVANTE,OUTRO,IRONIA,NEGATIVO,CRITICA,0.9,"Torcedor responde com 'volta vida' indicando que a mensagem de aniversário é irrelevante e critica a situação atual do time, com tom irônico."
2917021d98e96b88,2067593205231554867,Sao Paulo,QUOTE,mas quando eu falo que o SPFC é o time do shane hollander ainda tem gente que não acredita https://t.co/cSwX2Vlpzj,"18 de junho: Dia Mundial do Orgulho Autista 🧩 É dia de homenagear as pessoas com Transtorno do Espectro Autista, o TEA. De celebrar cada vitória diária, objetivo alcançado e desafios superados na neurodivergência. É também uma oportunidade para refletir sobre a necessidade de https://t.co/Cu2iezdXHl",OUTRO,OUTRO,POUCO_INFORMATIVO,OUTRO,IRONIA,NEUTRO,MEME_PIADA,0.9,Torcedor usa post sobre autismo para fazer piada comparando SPFC a um usuário do Twitter.
5e19f79fa9eb9d4f,2067602854341140736,Sao Paulo,QUOTE,Orgulho do meu time! 🇾🇪 🧩 https://t.co/XHzgtpwJGz,"🧩 Ainda sobre o #DiaMundialDoOrgulhoAutista, o São Paulo acredita que acolher seja o caminho para a inclusão. O MorumBIS oferece a sala TEA+ Tricolor, espaço de acomodação e regulação sensorial para torcedores autistas durante os jogos. O espaço, inaugurado em 2023, está https://t.co/7lM9EMllid",OUTRO,OUTRO,RELEVANTE,TORCIDA,ORGULHO,POSITIVO,APOIO,0.95,"Torcedor expressa orgulho pela iniciativa de inclusão do clube, demonstrando apoio à ação."
8b716d191bb99a60,2067602854341140736,Sao Paulo,QUOTE,O @SaoPauloFC teve preguiça de criar um post novo. Pegaram tudo do ano passado 🤡 https://t.co/HIlMauwCLN,"🧩 Ainda sobre o #DiaMundialDoOrgulhoAutista, o São Paulo acredita que acolher seja o caminho para a inclusão. O MorumBIS oferece a sala TEA+ Tricolor, espaço de acomodação e regulação sensorial para torcedores autistas durante os jogos. O espaço, inaugurado em 2023, está https://t.co/7lM9EMllid",OUTRO,OUTRO,RELEVANTE,COMUNICACAO_DO_CLUBE,IRONIA,NEGATIVO,CRITICA,0.9,"O torcedor critica o clube por reutilizar conteúdo antigo, com tom irônico e polaridade negativa."
966024a3655c4532,2067623724593864813,Sao Paulo,REPLY,"@SaoPauloFC Lá vem mais uma zika, vou até mudar meu placar no bolão","🇨🇿🇾🇪 Hoje tem jogo da Tchéquia na Copa, e o Arquivo Histórico traz uma curiosidade sobre o país: o tcheco que defendeu o São Paulo em um único jogo Conheça essa história: https://t.co/Z67emo8isW #SPFCpédia #MemóriaTricolor https://t.co/iRGtU6m3Oj",PARTIDA,OUTRO,POUCO_INFORMATIVO,COMUNICACAO_DO_CLUBE,IRONIA,NEGATIVO,MEME_PIADA,0.7,"Torcedor faz piada com possível 'zika' do clube ao divulgar história, alterando seu palpite no bolão."
b4f1d5a6bc9dd18a,2067635336243560511,Sao Paulo,REPLY,@SaoPauloFC Na SAO Store eu encontro a demissão do Rui Costa também ???? FORA RUI COSTA!!! E Vaamos São Paulo,A história do Tricolor você veste aqui! 📜🇾🇪 Na SAO Store você encontra a sua camisa! 🔗 https://t.co/EspuoUfPPv https://t.co/wrIDpsT5jD,PRODUTO_CAMISA,PRODUTO_OFICIAL,RELEVANTE,DIRETORIA,RAIVA,NEGATIVO,CRITICA,0.9,"Torcedor ignora o produto e critica a diretoria, pedindo demissão e expressando raiva."
c0666cae4158a61e,2067635336243560511,Sao Paulo,REPLY,@SaoPauloFC nova camiseta pra serie B? timeco fudido,A história do Tricolor você veste aqui! 📜🇾🇪 Na SAO Store você encontra a sua camisa! 🔗 https://t.co/EspuoUfPPv https://t.co/wrIDpsT5jD,PRODUTO_CAMISA,PRODUTO_OFICIAL,RELEVANTE,DESEMPENHO_EM_CAMPO,IRONIA,NEGATIVO,CRITICA,0.9,"Torcedor critica a situação do time (série B) com tom irônico, mencionando a camisa."
e747c03efa58b7f7,2067635336243560511,Sao Paulo,REPLY,"@SaoPauloFC História que essa bost@ de diretoria faz o favor de apagá-la, se não fosse a torcida que ainda ama esse clube, já seria extinto com esses bando de caga grosso.",A história do Tricolor você veste aqui! 📜🇾🇪 Na SAO Store você encontra a sua camisa! 🔗 https://t.co/EspuoUfPPv https://t.co/wrIDpsT5jD,PRODUTO_CAMISA,PRODUTO_OFICIAL,RELEVANTE,COMUNICACAO_DO_CLUBE,RAIVA,NEGATIVO,CRITICA,0.8,"O torcedor critica a diretoria e a comunicaçao do clube, demonstrando raiva e desagrado."
f9d1e80fcb4635c2,2067635336243560511,Sao Paulo,REPLY,@SaoPauloFC https://t.co/7a6km8uNIW,A história do Tricolor você veste aqui! 📜🇾🇪 Na SAO Store você encontra a sua camisa! 🔗 https://t.co/EspuoUfPPv https://t.co/wrIDpsT5jD,PRODUTO_CAMISA,PRODUTO_OFICIAL,NAO_RELEVANTE,PRODUTO_OFICIAL,NEUTRO,NEUTRO,OUTRO,0.8,"A reação é apenas um link para outra postagem, sem conteúdo textual que indique emoção ou intenção clara."
ffb1f25e150c79d2,2067638746615369958,Sao Paulo,REPLY,@SaoPauloFC time falido fecha as portas,Treino do #FutebolFemininoTricolor concluído! #VamosSãoPaulo 🇾🇪 https://t.co/b2cx3dZlgG,BASTIDORES,FUTEBOL_FEMININO,RELEVANTE,OUTRO,RAIVA,NEGATIVO,CRITICA,0.8,Torcedor expressa insatisfação com situação financeira do clube em tom negativo e crítico.
e5f8052b55848eaf,2067666394410315955,Sao Paulo,QUOTE,https://t.co/3pgLlbQsk0 https://t.co/Fn7oN6wKw7,Segundo dia de intertemporada concluído! #VamosSãoPaulo 🇾🇪 📸 Erico Leonan / São Paulo FC https://t.co/pLMI0rr8VK,BASTIDORES,FUTEBOL_PROFISSIONAL_MASCULINO,POUCO_INFORMATIVO,OUTRO,NEUTRO,NEUTRO,INFORMACAO,0.8,"A reação é apenas um link de mídia sem contexto explícito, sem conteúdo relevante além da publicação original."
ea57ac8c94a2c942,2067666394410315955,Sao Paulo,REPLY,@SaoPauloFC Nem lembrava mais desses bagres do SP,Segundo dia de intertemporada concluído! #VamosSãoPaulo 🇾🇪 📸 Erico Leonan / São Paulo FC https://t.co/pLMI0rr8VK,BASTIDORES,FUTEBOL_PROFISSIONAL_MASCULINO,RELEVANTE,ELENCO,RAIVA,NEGATIVO,CRITICA,0.9,"Torcedor critica os jogadores do elenco chamando-os de 'bagres', expressando raiva."
4b10e670b6e3023d,2067717903470714900,Sao Paulo,REPLY,"@SaoPauloFC Vão ter esse tempo todinho pra treinar, e quando voltarem ainda vão perder.",Confira as imagens do segundo dia de intertemporada do Tricolor! #VamosSãoPaulo 🇾🇪 🎥 Gutierre Filmes https://t.co/KM5lXT9EOO,BASTIDORES,FUTEBOL_PROFISSIONAL_MASCULINO,RELEVANTE,DESEMPENHO_EM_CAMPO,FRUSTRACAO,NEGATIVO,CRITICA,0.95,Torcedor critica o uso do tempo de treinamento e prevê derrota futura.
4cfe69ebebda3354,2067717903470714900,Sao Paulo,REPLY,@SaoPauloFC eu quero te esquecer por enquanto!,Confira as imagens do segundo dia de intertemporada do Tricolor! #VamosSãoPaulo 🇾🇪 🎥 Gutierre Filmes https://t.co/KM5lXT9EOO,BASTIDORES,FUTEBOL_PROFISSIONAL_MASCULINO,RELEVANTE,OUTRO,FRUSTRACAO,NEGATIVO,CRITICA,0.8,"Torcedor expressa desejo de esquecer o clube, indicando frustração com o momento atual."
60b86bec122933d9,2067717903470714900,Sao Paulo,REPLY,@SaoPauloFC Cuidado com o vento gelado,Confira as imagens do segundo dia de intertemporada do Tricolor! #VamosSãoPaulo 🇾🇪 🎥 Gutierre Filmes https://t.co/KM5lXT9EOO,BASTIDORES,FUTEBOL_PROFISSIONAL_MASCULINO,NAO_RELEVANTE,OUTRO,NEUTRO,NEUTRO,MEME_PIADA,0.8,"Comentário irônico/piada sobre o vento, sem relação direta com o conteúdo da publicação."
8295c3c630956719,2067717903470714900,Sao Paulo,REPLY,@SaoPauloFC Rui bosta já vazou??,Confira as imagens do segundo dia de intertemporada do Tricolor! #VamosSãoPaulo 🇾🇪 🎥 Gutierre Filmes https://t.co/KM5lXT9EOO,BASTIDORES,FUTEBOL_PROFISSIONAL_MASCULINO,RELEVANTE,TECNICO,RAIVA,NEGATIVO,CRITICA,0.9,"Torcedor critica diretamente o técnico, chamando-o de 'bosta' e perguntando se já saiu, demonstrando raiva e insatisfação."
d14f4356f4f4af19,2067717903470714900,Sao Paulo,REPLY,"@SaoPauloFC Frouxos, Covardes e Vagabundos",Confira as imagens do segundo dia de intertemporada do Tricolor! #VamosSãoPaulo 🇾🇪 🎥 Gutierre Filmes https://t.co/KM5lXT9EOO,BASTIDORES,FUTEBOL_PROFISSIONAL_MASCULINO,RELEVANTE,DESEMPENHO_EM_CAMPO,RAIVA,NEGATIVO,CRITICA,0.9,"Torcedor demonstra raiva e critica o time por falta de atitude, usando termos pejorativos."
253b9d8aa7096772,2067950153797935488,Sao Paulo,QUOTE,"Bobadilha joga às 00H também filho, vai postar nada pq? https://t.co/UKQIDaaO3P","🇧🇷 Hoje é dia de Brasil na Copa! 🔜 A Seleção Brasileira enfrenta o Haiti, às 21h30 (horário de Brasília), no Estádio da Filadélfia, Estados Unidos, pela segunda rodada do grupo C. 📺 Globo, SBT, Sportv, N Sports, Cazé TV e GE TV Vai, Brasil! #VamosSãoPaulo 🇾🇪 https://t.co/cmNzJn60Uh",OUTRO,OUTRO,RELEVANTE,COMUNICACAO_DO_CLUBE,FRUSTRACAO,NEGATIVO,COBRANCA,0.8,Torcedor cobra do clube a falta de publicação sobre o jogo de Bobadilha.
555f9adad280e4f9,2067950153797935488,Sao Paulo,QUOTE,🇧🇷 https://t.co/79J78Rkg85,"🇧🇷 Hoje é dia de Brasil na Copa! 🔜 A Seleção Brasileira enfrenta o Haiti, às 21h30 (horário de Brasília), no Estádio da Filadélfia, Estados Unidos, pela segunda rodada do grupo C. 📺 Globo, SBT, Sportv, N Sports, Cazé TV e GE TV Vai, Brasil! #VamosSãoPaulo 🇾🇪 https://t.co/cmNzJn60Uh",OUTRO,OUTRO,NAO_RELEVANTE,OUTRO,NEUTRO,NEUTRO,OUTRO,0.6,"A reação é apenas uma URL com emoji de bandeira do Brasil, sem conteúdo textual que permita classificar emoção, polaridade ou intenção de forma clara."
0c5178c36e7f0de0,2067950153797935488,Sao Paulo,REPLY,"@SaoPauloFC Olha, o mascote do São Paulo é a cara do presidente do clube. O canela fina tá lá nos EUA ainda?","🇧🇷 Hoje é dia de Brasil na Copa! 🔜 A Seleção Brasileira enfrenta o Haiti, às 21h30 (horário de Brasília), no Estádio da Filadélfia, Estados Unidos, pela segunda rodada do grupo C. 📺 Globo, SBT, Sportv, N Sports, Cazé TV e GE TV Vai, Brasil! #VamosSãoPaulo 🇾🇪 https://t.co/cmNzJn60Uh",OUTRO,OUTRO,POUCO_INFORMATIVO,COMUNICACAO_DO_CLUBE,IRONIA,NEUTRO,PROVOCACAO,0.8,"Comentário irônico sobre a semelhança do mascote com o presidente, sem relação direta com a publicação."
00cc06fd8b26a8d0,2067964632363376814,Sao Paulo,QUOTE,Passando vergonha que nem o time https://t.co/kFim19oKfG,"Hoje tem Tricolor na Copa! 🇵🇾 O Paraguai, de Bobadilla, enfrenta a Turquia, às 00h (Brasília), no Estádio da Baía de São Francisco, Estados Unidos, pelo grupo D. 📺 Globo, Sportv, Cazé TV e Globoplay #TricolorNaCopa #VamosSãoPaulo 🇾🇪 https://t.co/4FpXgu6Ag2",PARTIDA,OUTRO,RELEVANTE,DESEMPENHO_EM_CAMPO,IRONIA,NEGATIVO,CRITICA,0.9,"Torcedor critica o time ironicamente, associando a publicacao sobre a selecao paraguaia com o mau desempenho do clube."
06627615c466c021,2067964632363376814,Sao Paulo,QUOTE,Da última vez q postaram isso… https://t.co/kLFQy1ujHp,"Hoje tem Tricolor na Copa! 🇵🇾 O Paraguai, de Bobadilla, enfrenta a Turquia, às 00h (Brasília), no Estádio da Baía de São Francisco, Estados Unidos, pelo grupo D. 📺 Globo, Sportv, Cazé TV e Globoplay #TricolorNaCopa #VamosSãoPaulo 🇾🇪 https://t.co/4FpXgu6Ag2",PARTIDA,OUTRO,RELEVANTE,COMUNICACAO_DO_CLUBE,IRONIA,NEGATIVO,CRITICA,0.8,"Torcedor faz referência irônica à última vez que o clube postou algo similar, sugerindo desfecho negativo."
38db202eb5391906,2067964632363376814,Sao Paulo,QUOTE,de novo não DE NOVO NÃO https://t.co/zOTnlzR5Uo,"Hoje tem Tricolor na Copa! 🇵🇾 O Paraguai, de Bobadilla, enfrenta a Turquia, às 00h (Brasília), no Estádio da Baía de São Francisco, Estados Unidos, pelo grupo D. 📺 Globo, Sportv, Cazé TV e Globoplay #TricolorNaCopa #VamosSãoPaulo 🇾🇪 https://t.co/4FpXgu6Ag2",PARTIDA,OUTRO,RELEVANTE,COMUNICACAO_DO_CLUBE,FRUSTRACAO,NEGATIVO,CRITICA,0.8,"Torcedor expressa cansaço repetindo 'de novo não', indicando frustração com a comunicação do clube por postar novamente conteúdo de seleção."
71e0eb5313855c88,2067964632363376814,Sao Paulo,QUOTE,"Hj a Sofia disse que eu pareço ele, nunca me senti tão honrado https://t.co/971ZVdGuiz","Hoje tem Tricolor na Copa! 🇵🇾 O Paraguai, de Bobadilla, enfrenta a Turquia, às 00h (Brasília), no Estádio da Baía de São Francisco, Estados Unidos, pelo grupo D. 📺 Globo, Sportv, Cazé TV e Globoplay #TricolorNaCopa #VamosSãoPaulo 🇾🇪 https://t.co/4FpXgu6Ag2",PARTIDA,OUTRO,RELEVANTE,OUTRO,ORGULHO,POSITIVO,ELOGIO,0.9,"Torcedor expressa orgulho por ser comparado a Bobadilla, relacionando-se à convocação do jogador."
7ebcd15ec1b2b33e,2067964632363376814,Sao Paulo,QUOTE,a não https://t.co/oEaAfjZhgz,"Hoje tem Tricolor na Copa! 🇵🇾 O Paraguai, de Bobadilla, enfrenta a Turquia, às 00h (Brasília), no Estádio da Baía de São Francisco, Estados Unidos, pelo grupo D. 📺 Globo, Sportv, Cazé TV e Globoplay #TricolorNaCopa #VamosSãoPaulo 🇾🇪 https://t.co/4FpXgu6Ag2",PARTIDA,OUTRO,POUCO_INFORMATIVO,OUTRO,IRONIA,NEGATIVO,PROVOCACAO,0.6,"Torcedor ironiza a convocação de jogador, expressando desagrado com a ausência do clube ou do jogador."
8a14b49844fdbf4a,2067964632363376814,Sao Paulo,QUOTE,Vixeeee.... https://t.co/3Ti3Nb1oMS,"Hoje tem Tricolor na Copa! 🇵🇾 O Paraguai, de Bobadilla, enfrenta a Turquia, às 00h (Brasília), no Estádio da Baía de São Francisco, Estados Unidos, pelo grupo D. 📺 Globo, Sportv, Cazé TV e Globoplay #TricolorNaCopa #VamosSãoPaulo 🇾🇪 https://t.co/4FpXgu6Ag2",PARTIDA,OUTRO,RELEVANTE,RIVALIDADE,ANSIEDADE,NEGATIVO,OUTRO,0.7,"Torcedor demonstra preocupação com possível eliminação ou desempenho, associando a convocação a riscos."
be3c1a2684917afb,2067964632363376814,Sao Paulo,QUOTE,em tons de ameaça https://t.co/djbGtI49MS,"Hoje tem Tricolor na Copa! 🇵🇾 O Paraguai, de Bobadilla, enfrenta a Turquia, às 00h (Brasília), no Estádio da Baía de São Francisco, Estados Unidos, pelo grupo D. 📺 Globo, Sportv, Cazé TV e Globoplay #TricolorNaCopa #VamosSãoPaulo 🇾🇪 https://t.co/4FpXgu6Ag2",PARTIDA,OUTRO,RELEVANTE,OUTRO,DESCONFIANCA,NEGATIVO,CRITICA,0.8,"Torcedor responde com tom de ameaça, sugerindo desconfiança ou crítica."
f78857bffc0e4d4d,2067964632363376814,Sao Paulo,QUOTE,Outra zicada... https://t.co/267ROR4lpa,"Hoje tem Tricolor na Copa! 🇵🇾 O Paraguai, de Bobadilla, enfrenta a Turquia, às 00h (Brasília), no Estádio da Baía de São Francisco, Estados Unidos, pelo grupo D. 📺 Globo, Sportv, Cazé TV e Globoplay #TricolorNaCopa #VamosSãoPaulo 🇾🇪 https://t.co/4FpXgu6Ag2",PARTIDA,OUTRO,RELEVANTE,OUTRO,IRONIA,NEGATIVO,CRITICA,0.9,"Torcedor comenta 'Outra zicada...' referindo-se à superstição de que a publição do clube pode trazer má sorte à seleção paraguaia, demonstrando crítica irônica."
00443e29f096ca63,2067964632363376814,Sao Paulo,REPLY,@SaoPauloFC Hoje?,"Hoje tem Tricolor na Copa! 🇵🇾 O Paraguai, de Bobadilla, enfrenta a Turquia, às 00h (Brasília), no Estádio da Baía de São Francisco, Estados Unidos, pelo grupo D. 📺 Globo, Sportv, Cazé TV e Globoplay #TricolorNaCopa #VamosSãoPaulo 🇾🇪 https://t.co/4FpXgu6Ag2",PARTIDA,OUTRO,RELEVANTE,OUTRO,NEUTRO,NEUTRO,PERGUNTA,0.9,"O torcedor pergunta se o jogo é hoje, demonstrando dúvida, sem emoção explícita."
bb9ac12a51ba4963,2067964632363376814,Sao Paulo,REPLY,@SaoPauloFC Se é 00:00 o jogo é amanhã não?,"Hoje tem Tricolor na Copa! 🇵🇾 O Paraguai, de Bobadilla, enfrenta a Turquia, às 00h (Brasília), no Estádio da Baía de São Francisco, Estados Unidos, pelo grupo D. 📺 Globo, Sportv, Cazé TV e Globoplay #TricolorNaCopa #VamosSãoPaulo 🇾🇪 https://t.co/4FpXgu6Ag2",PARTIDA,OUTRO,RELEVANTE,COMUNICACAO_DO_CLUBE,NEUTRO,NEUTRO,PERGUNTA,0.9,"Torcedor questiona a hora do jogo (00h) se refere ao dia seguinte, indicando dúvida sobre a comunicação do clube."
dbc96d54f0dc1286,2067964632363376814,Sao Paulo,REPLY,"@SaoPauloFC Achei que teria dias de paz com a copa, mas não existe isso na vida atual de torcedo tricolor.","Hoje tem Tricolor na Copa! 🇵🇾 O Paraguai, de Bobadilla, enfrenta a Turquia, às 00h (Brasília), no Estádio da Baía de São Francisco, Estados Unidos, pelo grupo D. 📺 Globo, Sportv, Cazé TV e Globoplay #TricolorNaCopa #VamosSãoPaulo 🇾🇪 https://t.co/4FpXgu6Ag2",PARTIDA,OUTRO,RELEVANTE,DESEMPENHO_EM_CAMPO,FRUSTRACAO,NEGATIVO,CRITICA,0.9,"Torcedor expressa frustração e crítica pela falta de paz mesmo durante a Copa, relacionando ao desempenho do clube."
5e42c60d3ef25a32,2067971042996281748,Sao Paulo,REPLY,@SaoPauloFC Parabéns felicidades muita saúde e alegrias que Deus sempre o abençoe.,"🥳 Ronaldão comemora 6️⃣1️⃣ anos! O zagueiro multicampeão disputou 302 jogos e levantou 12 taças pelo clube. Entre as principais conquistas estão as CONMEBOL Libertadores e os Mundiais de 1992 e 1993, além dos Campeonatos Brasileiros de 1986 e 1991. Feliz aniversário, ídolo! 🎉 https://t.co/iH7vle3DjH",OUTRO,INSTITUCIONAL,RELEVANTE,ELENCO,ALEGRIA,POSITIVO,ELOGIO,0.95,"Torcedor parabeniza Ronaldão com votos de felicidades e saúde, sem criticar ou cobrar."
d203373b4ab59f69,2067971042996281748,Sao Paulo,REPLY,@SaoPauloFC Zagueiro-zagueiro de raiz! Não amolava pra ninguém!,"🥳 Ronaldão comemora 6️⃣1️⃣ anos! O zagueiro multicampeão disputou 302 jogos e levantou 12 taças pelo clube. Entre as principais conquistas estão as CONMEBOL Libertadores e os Mundiais de 1992 e 1993, além dos Campeonatos Brasileiros de 1986 e 1991. Feliz aniversário, ídolo! 🎉 https://t.co/iH7vle3DjH",OUTRO,INSTITUCIONAL,RELEVANTE,ELENCO,ORGULHO,POSITIVO,ELOGIO,0.9,"Torcedor elogia ex-jogador Ronaldão, demonstrando orgulho e admiração."
f3aa093ab8d4fa6e,2067971042996281748,Sao Paulo,REPLY,"@SaoPauloFC Naldamãozinhu pros da quebrada e que acompanharam o seu corre desde sempre! Meu Rei, meu Bom, meu consideraaaaado!!! Receba o respeitoso abraço de nossa família! Parabéns pelo Aniversário e muitas felicidades! Equipe FutMuleky ⚽️ 🏟🥅⚽️🍀🙌🙏👍⚽️","🥳 Ronaldão comemora 6️⃣1️⃣ anos! O zagueiro multicampeão disputou 302 jogos e levantou 12 taças pelo clube. Entre as principais conquistas estão as CONMEBOL Libertadores e os Mundiais de 1992 e 1993, além dos Campeonatos Brasileiros de 1986 e 1991. Feliz aniversário, ídolo! 🎉 https://t.co/iH7vle3DjH",OUTRO,INSTITUCIONAL,RELEVANTE,COMUNICACAO_DO_CLUBE,ALEGRIA,POSITIVO,APOIO,0.9,"Torcedor parabeniza o clube pela homenagem ao ídolo Ronaldão, demonstrando alegria e apoio."
fe8277caf4c5e459,2067971042996281748,Sao Paulo,REPLY,@SaoPauloFC 👍,"🥳 Ronaldão comemora 6️⃣1️⃣ anos! O zagueiro multicampeão disputou 302 jogos e levantou 12 taças pelo clube. Entre as principais conquistas estão as CONMEBOL Libertadores e os Mundiais de 1992 e 1993, além dos Campeonatos Brasileiros de 1986 e 1991. Feliz aniversário, ídolo! 🎉 https://t.co/iH7vle3DjH",OUTRO,INSTITUCIONAL,RELEVANTE,COMUNICACAO_DO_CLUBE,ALEGRIA,POSITIVO,APOIO,0.9,"O torcedor reagiu com um joinha, demonstrando apoio e alegria à homenagem do clube."
feb8449929c12bfb,2067985794845876353,Sao Paulo,REPLY,@SaoPauloFC Esse clube no estado atual não me representa. Só tem amador nessa gestão.,A jaqueta casual SPFC é perfeita para quem quer representar o clube no dia a dia sem abrir mão da elegância e praticidade. Acesse a SAO Store e adquira a sua agora mesmo! https://t.co/FNvnXLPjnn https://t.co/Z0oAEcq7Hg,PRODUTO_CAMISA,PRODUTO_OFICIAL,RELEVANTE,DIRETORIA,FRUSTRACAO,NEGATIVO,CRITICA,0.9,Torcedor critica a gestão do clube em resposta a postagem sobre produto oficial.
1ba7c7d02205c4f6,2068014690395926853,Sao Paulo,QUOTE,https://t.co/EpjxX1MQZi https://t.co/I8GWlN3fw9,Manhã de avaliações físicas no SuperCT! #VamosSãoPaulo 🇾🇪 📸 Erico Leonan / São Paulo FC https://t.co/xEQATMEern,OUTRO,OUTRO,NAO_RELEVANTE,OUTRO,NEUTRO,NEUTRO,INFORMACAO,0.5,"A reação não contém conteúdo textual analisável, apenas links, não sendo possível extrair significado relevante."
bd0feac1e7a8bed8,2068014690395926853,Sao Paulo,REPLY,@SaoPauloFC Toloi fazendo linha de impedimento com cara de cansado?,Manhã de avaliações físicas no SuperCT! #VamosSãoPaulo 🇾🇪 📸 Erico Leonan / São Paulo FC https://t.co/xEQATMEern,OUTRO,OUTRO,RELEVANTE,DESEMPENHO_EM_CAMPO,IRONIA,NEGATIVO,CRITICA,0.8,"Torcedor ironiza desempenho de Toloi, indicando crítica ao jogador."
5b7017e1d9f686aa,2068039523435479045,Sao Paulo,QUOTE,aquele amigo que faz tudo ser sobre ele https://t.co/ve6TVmYpaw,"🏴󠁧󠁢󠁳󠁣󠁴󠁿🇲🇦 O Arquivo Histórico relembra a única vez que o São Paulo visitou o continente africano. Foi para a disputa do Torneio Mohammed V em Casablanca, Marrocos, adversário da Escócia hoje, pela Copa. Mais informações: https://t.co/5l5L3ddGzD #SPFCpédia #MemóriaTricolor https://t.co/L1IXSfB5ZW",OUTRO,OUTRO,POUCO_INFORMATIVO,OUTRO,IRONIA,NEUTRO,MEME_PIADA,0.9,Torcedor faz piada irônica comparando a publicação histórica a um amigo que sempre se coloca no centro das atenções.
228a05f0a3faceab,2068039523435479045,Sao Paulo,REPLY,"@SaoPauloFC Por falar em africano, vai contratar o gabonês Lemina?","🏴󠁧󠁢󠁳󠁣󠁴󠁿🇲🇦 O Arquivo Histórico relembra a única vez que o São Paulo visitou o continente africano. Foi para a disputa do Torneio Mohammed V em Casablanca, Marrocos, adversário da Escócia hoje, pela Copa. Mais informações: https://t.co/5l5L3ddGzD #SPFCpédia #MemóriaTricolor https://t.co/L1IXSfB5ZW",OUTRO,OUTRO,RELEVANTE,CONTRATACAO,IRONIA,MISTO,COBRANCA,0.9,"Torcedor faz uma cobrança irônica sobre contratação de um jogador africano, aproveitando o tema da publicação."
381ebe71659b9efc,2068039523435479045,Sao Paulo,REPLY,@SaoPauloFC Informação @_andreyray,"🏴󠁧󠁢󠁳󠁣󠁴󠁿🇲🇦 O Arquivo Histórico relembra a única vez que o São Paulo visitou o continente africano. Foi para a disputa do Torneio Mohammed V em Casablanca, Marrocos, adversário da Escócia hoje, pela Copa. Mais informações: https://t.co/5l5L3ddGzD #SPFCpédia #MemóriaTricolor https://t.co/L1IXSfB5ZW",OUTRO,OUTRO,RELEVANTE,OUTRO,NEUTRO,NEUTRO,INFORMACAO,0.8,"O torcedor apenas agradece pela informação histórica, sem expressar emoção ou crítica."
da5b5d372d4a77c9,2068046185240436946,Sao Paulo,QUOTE,Como não vi isso 😭😢 https://t.co/7ynNempIdy,"Quando a seleção entra em campo, a torcida Tricolor joga junto e o brinde é garantido: comprando 12 Brahmas no Zé Delivery, você só paga 6 e o pedido chega trincando na sua casa. E não para por aí: o apoio pro jogo também vira investimento na S.A.B. do São Paulo. PRA CIMA DELES! https://t.co/x1t4MIz750",OUTRO,OUTRO,RELEVANTE,OUTRO,FRUSTRACAO,NEGATIVO,INFORMACAO,0.9,"Torcedor demonstra frustração por não ter visto a promoção antes, mas a reação é relevante pois responde diretamente à publicação."
f81f5a0aabc2d1cb,2068053883142725853,Sao Paulo,REPLY,@SaoPauloFC Sumam com Julio Baptista ele é tenebroso,"🔜 Amanhã tem Tricolor Sub-20 em Cotia! O São Paulo recebe o Flamengo, no CFA Laudo Natel, pela 17ª rodada do Brasileiro da categoria. A partida terá transmissão do UOL e entrada gratuita aos torcedores. Saiba mais: https://t.co/Q1rKX7dCxU 📸 Victor Wajnsztejn / São Paulo FC https://t.co/5zKmg9YoOO",BASE,CATEGORIA_BASE,RELEVANTE,CATEGORIA_BASE,FRUSTRACAO,NEGATIVO,CRITICA,0.9,"Torcedor critica Julio Baptista, provavelmente técnico da base, pedindo que o clube 'suma' com ele, demonstrando frustração."
d79a99616cebb20a,2068098023473688676,Sao Paulo,QUOTE,aí não acredito que voltou https://t.co/gBuPtnpUui,⚽️ Acompanhe as informações do terceiro dia de treinos do Tricolor! #VamosSãoPaulo 🇾🇪 🎥 Gutierre Filmes https://t.co/KhEtJU7bBa,BASTIDORES,FUTEBOL_PROFISSIONAL_MASCULINO,RELEVANTE,ELENCO,ANSIEDADE,NEGATIVO,CRITICA,0.8,Torcedor expressa descrença e insatisfação com possível retorno de jogador.
0b9d3d875ff9e5fe,2068098023473688676,Sao Paulo,REPLY,"@SaoPauloFC Treina aí e não posta nada não cara, deixar de ver esses bostas aí está muito bom",⚽️ Acompanhe as informações do terceiro dia de treinos do Tricolor! #VamosSãoPaulo 🇾🇪 🎥 Gutierre Filmes https://t.co/KhEtJU7bBa,BASTIDORES,FUTEBOL_PROFISSIONAL_MASCULINO,RELEVANTE,COMUNICACAO_DO_CLUBE,FRUSTRACAO,NEGATIVO,CRITICA,0.9,"Torcedor critica a comunicação do clube, sugerindo que posta demais e joga mal."
82c95d686dbd0f48,2068098023473688676,Sao Paulo,REPLY,@SaoPauloFC Deixa a gente em paz pelo menos durante a Copa irmão,⚽️ Acompanhe as informações do terceiro dia de treinos do Tricolor! #VamosSãoPaulo 🇾🇪 🎥 Gutierre Filmes https://t.co/KhEtJU7bBa,BASTIDORES,FUTEBOL_PROFISSIONAL_MASCULINO,RELEVANTE,COMUNICACAO_DO_CLUBE,FRUSTRACAO,NEGATIVO,CRITICA,0.9,"Torcedor critica o clube por continuar postando conteúdo durante a Copa do Mundo, expressando frustração e pedindo para 'deixar em paz'."
784c83c4c6ff0338,2068318100370391422,Sao Paulo,REPLY,@SaoPauloFC Que DESGOSTO!! Que molecada RUIM do krl slc 👎,Hoje é dia de Sub-20 em Cotia! 🆚 Flamengo 🏆 Brasileiro Sub-20 (17ª rodada) ⏰ 15h 🏟️ CFA Laudo Natel 📺 UOL #MadeInCotia #VamosSãoPaulo 🇾🇪 https://t.co/8urKW0Eg4n,BASE,CATEGORIA_BASE,RELEVANTE,CATEGORIA_BASE,RAIVA,NEGATIVO,CRITICA,0.9,"Torcedor expressa descontentamento e crítica ao time sub-20, utilizando linguagem ofensiva e emotiva."
8b82df29c85f0eba,2068318100370391422,Sao Paulo,REPLY,"@SaoPauloFC Outra surra dentro de ""casa"" Não tem mais nada que preste nesse clube de merda",Hoje é dia de Sub-20 em Cotia! 🆚 Flamengo 🏆 Brasileiro Sub-20 (17ª rodada) ⏰ 15h 🏟️ CFA Laudo Natel 📺 UOL #MadeInCotia #VamosSãoPaulo 🇾🇪 https://t.co/8urKW0Eg4n,BASE,CATEGORIA_BASE,RELEVANTE,DESEMPENHO_EM_CAMPO,RAIVA,NEGATIVO,CRITICA,0.9,"Reação negativa à partida de base, com crítica ao desempenho e ao clube."
20731c0bd9f6ffc4,2068333022789673053,Sao Paulo,REPLY,@SaoPauloFC Campeão do mundo,"🎉 Hoje é aniversário de um dos grandes laterais da nossa história! Junior completa 5️⃣3️⃣ anos! Pelo São Paulo, o defensor fez 198 jogos e conquistou seis títulos: Paulistão, CONMEBOL Libertadores e Mundial em 2005 e o tricampeonato brasileiro em 2006, 2007 e 2008. Parabéns e https://t.co/fp8h03iGjE",OUTRO,INSTITUCIONAL,RELEVANTE,TORCIDA,ORGULHO,POSITIVO,APOIO,0.8,"O torcedor demonstra orgulho e apoio ao clube ao lembrar que Junior foi campeão mundial, mostrando que valoriza essa conquista."
478b72c397557c12,2068333022789673053,Sao Paulo,REPLY,"@SaoPauloFC Um dos maiores que vi, e o último que prestou que vestiu nossa camisa.","🎉 Hoje é aniversário de um dos grandes laterais da nossa história! Junior completa 5️⃣3️⃣ anos! Pelo São Paulo, o defensor fez 198 jogos e conquistou seis títulos: Paulistão, CONMEBOL Libertadores e Mundial em 2005 e o tricampeonato brasileiro em 2006, 2007 e 2008. Parabéns e https://t.co/fp8h03iGjE",OUTRO,INSTITUCIONAL,RELEVANTE,ELENCO,APOIO,POSITIVO,ELOGIO,0.8,"Torcedor elogia jogador histórico, demonstrando saudosismo e apoio."
5afadbfaf57c3faa,2068333022789673053,Sao Paulo,REPLY,@SaoPauloFC Esse jogou demais,"🎉 Hoje é aniversário de um dos grandes laterais da nossa história! Junior completa 5️⃣3️⃣ anos! Pelo São Paulo, o defensor fez 198 jogos e conquistou seis títulos: Paulistão, CONMEBOL Libertadores e Mundial em 2005 e o tricampeonato brasileiro em 2006, 2007 e 2008. Parabéns e https://t.co/fp8h03iGjE",OUTRO,INSTITUCIONAL,RELEVANTE,ELENCO,ORGULHO,POSITIVO,ELOGIO,0.9,Torcedor elogia jogador mencionado na publicação oficial.
8e7464691e9b5fcb,2068333022789673053,Sao Paulo,REPLY,"@SaoPauloFC Fera demais, tive a honra de ver jogador! 👏👏👏👏👏👏👏","🎉 Hoje é aniversário de um dos grandes laterais da nossa história! Junior completa 5️⃣3️⃣ anos! Pelo São Paulo, o defensor fez 198 jogos e conquistou seis títulos: Paulistão, CONMEBOL Libertadores e Mundial em 2005 e o tricampeonato brasileiro em 2006, 2007 e 2008. Parabéns e https://t.co/fp8h03iGjE",OUTRO,INSTITUCIONAL,RELEVANTE,ELENCO,ALEGRIA,POSITIVO,ELOGIO,0.95,"Torcedor elogia jogador, expressa alegria e honra em vê-lo jogar."
5dc59800f21742fe,2068347767659925761,Sao Paulo,QUOTE,ジーコに比べてオスカーがマリノスの前身である日産自動車に移籍して日本サッカー強化に貢献したと余り知られていないのは悲劇だと思うな。 https://t.co/EmZdvFia9Y,"🥳 Hoje celebramos os 7️⃣2️⃣ anos de Oscar! Um dos grandes líderes da história são-paulina, o zagueiro disputou 293 jogos e levantou as taças do Brasileiro de 1986 e dos Paulistas de 1980, 1981, 1985 e 1987. Feliz aniversário! 🎉 #SPFCpédia #VamosSãoPaulo 🇾🇪 https://t.co/UTFRX5lPln",OUTRO,INSTITUCIONAL,RELEVANTE,OUTRO,FRUSTRACAO,NEGATIVO,CRITICA,0.8,"Lamento que a contribuição de Oscar seja pouco conhecida, expressando frustração."
d8c4810ca03d1db4,2068355366706917862,Sao Paulo,QUOTE,E penta com a seleção em 2002 como jogador do SPFC. https://t.co/8HIBEyImU1,"🥳 Feliz aniversário, Belletti! O ex-lateral celebra 5️⃣0️⃣ anos! Foram 207 jogos pelo Tricolor, com os títulos do Paulista de 2000 e do Torneio Rio-São Paulo 2001. Entre 2022 e 2023, Belletti foi treinador da nossa equipe Sub-20. Parabéns! 🎉 #SPFCpédia #VamosSãoPaulo 🇾🇪 https://t.co/uwJgEPfzJB",BASE,CATEGORIA_BASE,RELEVANTE,ELENCO,ORGULHO,POSITIVO,INFORMACAO,0.95,"O torcedor complementa a publicação com uma informação factual sobre a conquista do título mundial, demonstrando orgulho."
0530d33cfdb24367,2068374942886854926,Sao Paulo,QUOTE,https://t.co/QqAekH0vwK https://t.co/7KiVvKjwQI,Sábado de treino no SuperCT! #VamosSãoPaulo 🇾🇪 📸 Erico Leonan / São Paulo FC https://t.co/NsiK7jCwOo,BASTIDORES,FUTEBOL_PROFISSIONAL_MASCULINO,RELEVANTE,COMUNICACAO_DO_CLUBE,NEUTRO,NEUTRO,INFORMACAO,0.8,"A reação é uma citação da publicação com links de imagens, sem texto adicional, indicando compartilhamento de conteúdo do clube."
040b328e7c7a9f82,2068374942886854926,Sao Paulo,REPLY,@SaoPauloFC Eu tinha me esquecido do Cauly.,Sábado de treino no SuperCT! #VamosSãoPaulo 🇾🇪 📸 Erico Leonan / São Paulo FC https://t.co/NsiK7jCwOo,BASTIDORES,FUTEBOL_PROFISSIONAL_MASCULINO,RELEVANTE,ELENCO,NEUTRO,NEUTRO,INFORMACAO,0.7,"O torcedor comenta sobre o jogador Cauly, que faz parte do elenco, de forma neutra e informativa."
4b2700aefb1453fe,2068374942886854926,Sao Paulo,REPLY,@SaoPauloFC E os reforços pra zaga? Já mandaram o Ruim Encosto embora?,Sábado de treino no SuperCT! #VamosSãoPaulo 🇾🇪 📸 Erico Leonan / São Paulo FC https://t.co/NsiK7jCwOo,BASTIDORES,FUTEBOL_PROFISSIONAL_MASCULINO,RELEVANTE,CONTRATACAO,FRUSTRACAO,NEGATIVO,CRITICA,0.85,Torcedor cobra reforços para zaga e critica jogador (Ruim Encosto) em publicação de bastidores.
6e316afaf8b0658f,2068374942886854926,Sao Paulo,REPLY,"@SaoPauloFC luciano e calleri fininhos... incrivel como o dorival melhora o fisico desses caras, 2023 foi assim tambem da pra buscar essa sula",Sábado de treino no SuperCT! #VamosSãoPaulo 🇾🇪 📸 Erico Leonan / São Paulo FC https://t.co/NsiK7jCwOo,BASTIDORES,FUTEBOL_PROFISSIONAL_MASCULINO,RELEVANTE,ELENCO,ESPERANCA,POSITIVO,APOIO,0.9,"Comentário sobre condicionamento físico de jogadores e menção à possibilidade de buscar título, demonstrando esperança e apoio."
89415a7d8ae13f76,2068374942886854926,Sao Paulo,REPLY,"@SaoPauloFC Cade os reforços? Precisamos de 2 zagueiros, 1 volante, 1 meia, 2 pontas e 1 centroavante! Senao pode escrever que a briga sera por rebaixamento",Sábado de treino no SuperCT! #VamosSãoPaulo 🇾🇪 📸 Erico Leonan / São Paulo FC https://t.co/NsiK7jCwOo,BASTIDORES,FUTEBOL_PROFISSIONAL_MASCULINO,RELEVANTE,CONTRATACAO,FRUSTRACAO,NEGATIVO,COBRANCA,0.9,"O torcedor cobra a contratação de vários reforços, expressando frustração com a situação do elenco."
cfbf1bcdda3684bf,2068374942886854926,Sao Paulo,REPLY,@SaoPauloFC 🤨🤨🤨,Sábado de treino no SuperCT! #VamosSãoPaulo 🇾🇪 📸 Erico Leonan / São Paulo FC https://t.co/NsiK7jCwOo,BASTIDORES,FUTEBOL_PROFISSIONAL_MASCULINO,RELEVANTE,OUTRO,DESCONFIANCA,NEGATIVO,CRITICA,0.8,Torcedor expressa desconfiança com emojis de rosto confuso em resposta a publicação de treino.
61c727b8c3dd79a1,2068386091242045450,Sao Paulo,REPLY,@SaoPauloFC E o Ryan?,"Brasileiro Sub-20: Tricolor escalado para enfrentar o Flamengo, às 15h, no CFA Laudo Natel, em Cotia (SP)! 📺 UOL #MadeInCotia #VamosSãoPaulo 🇾🇪 https://t.co/Tch9sasYBG",ESCALACAO,CATEGORIA_BASE,RELEVANTE,CATEGORIA_BASE,FRUSTRACAO,NEGATIVO,COBRANCA,0.9,"Torcedor pergunta sobre jogador específico (Ryan), indicando frustração/cobrança sobre ausência na escalação."
1a0fdc2f40398b73,2068407133750612326,Sao Paulo,QUOTE,Bum bum bum bum bum bum!!! https://t.co/YoI3ah1To1,"O São Paulo Futebol Clube comunica o desligamento do executivo de futebol Rui Costa, que estava no cargo desde 2021. O clube agradece ao profissional pelos anos de dedicação e deseja êxitos na sequência de sua carreira. https://t.co/I5g0oTSck7",OUTRO,OUTRO,RELEVANTE,DIRETORIA,ALEGRIA,POSITIVO,PROVOCACAO,0.9,"Torcedor comemora com onomatopeia ('bum') o desligamento, indicando ironia ou provocação."
20219326d05af569,2068407133750612326,Sao Paulo,QUOTE,https://t.co/BhQHeHgI2w https://t.co/Iq4qKd3gbu,"O São Paulo Futebol Clube comunica o desligamento do executivo de futebol Rui Costa, que estava no cargo desde 2021. O clube agradece ao profissional pelos anos de dedicação e deseja êxitos na sequência de sua carreira. https://t.co/I5g0oTSck7",OUTRO,OUTRO,RELEVANTE,DIRETORIA,NEUTRO,NEUTRO,INFORMACAO,0.7,"Reação apenas contém links, sem texto explícito, mas o contexto indica compartilhamento da notícia."
3310b18233ebeddc,2068407133750612326,Sao Paulo,QUOTE,https://t.co/UFd3Cu7jQH https://t.co/zOkr2ueqiT,"O São Paulo Futebol Clube comunica o desligamento do executivo de futebol Rui Costa, que estava no cargo desde 2021. O clube agradece ao profissional pelos anos de dedicação e deseja êxitos na sequência de sua carreira. https://t.co/I5g0oTSck7",OUTRO,OUTRO,RELEVANTE,DIRETORIA,NEUTRO,NEUTRO,INFORMACAO,0.7,"Reação contém apenas links, sem conteúdo explícito, impossibilitando inferir emoção ou intenção clara, mas o tema é diretoria."
7a74d44840792714,2068407133750612326,Sao Paulo,QUOTE,"🎉🎉🎉🎉🎉🎉🎉🎉🎉👏👏👏👏👏👏🙌🙌🙌🙌🙌🙌🙌🙌 achei que isso nunca ia acontecer, que felicidade https://t.co/1uxeNqNmhe","O São Paulo Futebol Clube comunica o desligamento do executivo de futebol Rui Costa, que estava no cargo desde 2021. O clube agradece ao profissional pelos anos de dedicação e deseja êxitos na sequência de sua carreira. https://t.co/I5g0oTSck7",OUTRO,OUTRO,RELEVANTE,DIRETORIA,ALEGRIA,POSITIVO,APOIO,0.9,"O torcedor comemora com emojis de festa e expressa felicidade pelo desligamento do executivo, indicando apoio à decisão."
a24196d5ee5f4f5f,2068407133750612326,Sao Paulo,QUOTE,🎉🎉🎉🎉🎉🎉🎉🎆🎆🎆🎆🎆🎇🎇🎇🎇🎇🎇🧨🧨🧨🧨🧨💥💥💥💥💥💥🔥🔥🔥🔥🔥🔥🥳🥳🥳🥳🥳🍾🍾🍾🍾🍾🎊🎊🎊🎊🎊🎈🎈🎈🎈🎈🎈🎈 https://t.co/wUjYp6EE1U,"O São Paulo Futebol Clube comunica o desligamento do executivo de futebol Rui Costa, que estava no cargo desde 2021. O clube agradece ao profissional pelos anos de dedicação e deseja êxitos na sequência de sua carreira. https://t.co/I5g0oTSck7",OUTRO,OUTRO,RELEVANTE,DIRETORIA,ALEGRIA,POSITIVO,APOIO,0.95,"Torcedor comemora o desligamento do executivo, demonstrando alegria e apoio à decisão do clube."
a89d2fa43601b6d3,2068407133750612326,Sao Paulo,QUOTE,Deus é bom o tempo todo https://t.co/aZzG0EI37m,"O São Paulo Futebol Clube comunica o desligamento do executivo de futebol Rui Costa, que estava no cargo desde 2021. O clube agradece ao profissional pelos anos de dedicação e deseja êxitos na sequência de sua carreira. https://t.co/I5g0oTSck7",OUTRO,OUTRO,RELEVANTE,COMUNICACAO_DO_CLUBE,ALEGRIA,POSITIVO,APOIO,0.8,"O torcedor expressa alívio e aprovação ao desligamento de Rui Costa, usando expressão religiosa positiva."
d284bb7bdd409e15,2068407133750612326,Sao Paulo,QUOTE,GLÓRIA DEUS 🙏 https://t.co/PAdFJLGLfn,"O São Paulo Futebol Clube comunica o desligamento do executivo de futebol Rui Costa, que estava no cargo desde 2021. O clube agradece ao profissional pelos anos de dedicação e deseja êxitos na sequência de sua carreira. https://t.co/I5g0oTSck7",OUTRO,OUTRO,RELEVANTE,DIRETORIA,ALEGRIA,POSITIVO,APOIO,0.9,"Torcedor demonstra alívio e contentamento com o desligamento do executivo, indicando aprovação da decisão."
3f9c097ac24bd283,2068407133750612326,Sao Paulo,REPLY,@SaoPauloFC Aleluia melhor notícia da copa !,"O São Paulo Futebol Clube comunica o desligamento do executivo de futebol Rui Costa, que estava no cargo desde 2021. O clube agradece ao profissional pelos anos de dedicação e deseja êxitos na sequência de sua carreira. https://t.co/I5g0oTSck7",OUTRO,OUTRO,RELEVANTE,COMUNICACAO_DO_CLUBE,ALEGRIA,POSITIVO,ELOGIO,0.95,"Torcedor comemora a notícia do desligamento, expressando alegria ('Aleluia') e a considerando a 'melhor notícia'."
b90eaa94f7a1b5f7,2068407133750612326,Sao Paulo,REPLY,"@SaoPauloFC Vai com Deus 🙏🏾, antes tarde do q nunca!!!","O São Paulo Futebol Clube comunica o desligamento do executivo de futebol Rui Costa, que estava no cargo desde 2021. O clube agradece ao profissional pelos anos de dedicação e deseja êxitos na sequência de sua carreira. https://t.co/I5g0oTSck7",OUTRO,OUTRO,RELEVANTE,DIRETORIA,ALEGRIA,POSITIVO,APOIO,0.9,"O torcedor expressa alívio e concorda com a saída do executivo, sendo positivo e de apoio à decisão do clube."
25864c053a49d5c5,2068434321770152091,Sao Paulo,QUOTE,Uma dessas uma calça preta e um nb branco e partiu Morumbi https://t.co/RI9yc4l5Cv,"A Camisa Torcedor da Cápsula Tricolor combina design exclusivo, personalidade e toda a tradição do clube em cada detalhe. Corra para a SAO Store e garanta a sua antes que acabe! https://t.co/B5L6UKbU8u https://t.co/B29RffPPeL",PRODUTO_CAMISA,PRODUTO_OFICIAL,RELEVANTE,PRODUTO_OFICIAL,NEUTRO,NEUTRO,INFORMACAO,0.9,"O torcedor comenta sobre combinar a camisa com outras peças para usar no estádio, sem expressar emoção forte ou crítica."
7962ce5a93824c82,2068434321770152091,Sao Paulo,QUOTE,400 reais 💔 https://t.co/kGkqFGgxlB,"A Camisa Torcedor da Cápsula Tricolor combina design exclusivo, personalidade e toda a tradição do clube em cada detalhe. Corra para a SAO Store e garanta a sua antes que acabe! https://t.co/B5L6UKbU8u https://t.co/B29RffPPeL",PRODUTO_CAMISA,PRODUTO_OFICIAL,POUCO_INFORMATIVO,PRODUTO_OFICIAL,FRUSTRACAO,NEGATIVO,CRITICA,1.0,"Torcedor comenta sobre o preço da camisa, expressando descontentamento com o valor de 400 reais."
a5b16fee5a95acc1,2068434321770152091,Sao Paulo,QUOTE,que linda mas 400 conto e foda... https://t.co/nFbZA7Zabh,"A Camisa Torcedor da Cápsula Tricolor combina design exclusivo, personalidade e toda a tradição do clube em cada detalhe. Corra para a SAO Store e garanta a sua antes que acabe! https://t.co/B5L6UKbU8u https://t.co/B29RffPPeL",PRODUTO_CAMISA,PRODUTO_OFICIAL,RELEVANTE,PRODUTO_OFICIAL,FRUSTRACAO,MISTO,CRITICA,0.9,"Torcedor elogia a camisa ('que linda') mas critica o preço alto ('400 conto e foda'), demonstrando frustração mista."
c22ee73dacfa29e4,2068434321770152091,Sao Paulo,QUOTE,Já tenho... 🇾🇪🤝 https://t.co/TMGfqBvtjT,"A Camisa Torcedor da Cápsula Tricolor combina design exclusivo, personalidade e toda a tradição do clube em cada detalhe. Corra para a SAO Store e garanta a sua antes que acabe! https://t.co/B5L6UKbU8u https://t.co/B29RffPPeL",PRODUTO_CAMISA,PRODUTO_OFICIAL,RELEVANTE,PRODUTO_OFICIAL,ORGULHO,POSITIVO,APOIO,0.9,"Torcedor afirma já possuir o produto, demonstrando orgulho e apoio."
f84c49f80a8cd3a5,2068434321770152091,Sao Paulo,QUOTE,400 conto vou me matar https://t.co/UT3rrCmUOo,"A Camisa Torcedor da Cápsula Tricolor combina design exclusivo, personalidade e toda a tradição do clube em cada detalhe. Corra para a SAO Store e garanta a sua antes que acabe! https://t.co/B5L6UKbU8u https://t.co/B29RffPPeL",PRODUTO_CAMISA,PRODUTO_OFICIAL,RELEVANTE,PRODUTO_OFICIAL,FRUSTRACAO,NEGATIVO,CRITICA,0.8,"Torcedor reclama do preço alto da camisa, expressando frustração"
15e687e00e5ca5c3,2068434321770152091,Sao Paulo,REPLY,"@SaoPauloFC tão linda, comprei mas ficou muito grande kkkkk isso porque peguei PP","A Camisa Torcedor da Cápsula Tricolor combina design exclusivo, personalidade e toda a tradição do clube em cada detalhe. Corra para a SAO Store e garanta a sua antes que acabe! https://t.co/B5L6UKbU8u https://t.co/B29RffPPeL",PRODUTO_CAMISA,PRODUTO_OFICIAL,RELEVANTE,PRODUTO_OFICIAL,ALEGRIA,POSITIVO,INFORMACAO,0.9,"O torcedor elogia a camisa (linda) e informa que comprou, embora tenha achado grande, com tom leve de brincadeira (kkkk)."
46fda73bafed85bc,2068434321770152091,Sao Paulo,REPLY,"@SaoPauloFC Obrigado pela demissão do Rui Costa, agora os ares do Murumbis estará mais puro.","A Camisa Torcedor da Cápsula Tricolor combina design exclusivo, personalidade e toda a tradição do clube em cada detalhe. Corra para a SAO Store e garanta a sua antes que acabe! https://t.co/B5L6UKbU8u https://t.co/B29RffPPeL",PRODUTO_CAMISA,PRODUTO_OFICIAL,POUCO_INFORMATIVO,DIRETORIA,ALEGRIA,POSITIVO,APOIO,0.7,"O torcedor expressa gratidão pela saída de Rui Costa, indicando apoio à decisão."
70b4a5667add39d5,2068434321770152091,Sao Paulo,REPLY,"@SaoPauloFC Linda de mais, porém custando 400,00 Janjas Esterlinas é impraticável","A Camisa Torcedor da Cápsula Tricolor combina design exclusivo, personalidade e toda a tradição do clube em cada detalhe. Corra para a SAO Store e garanta a sua antes que acabe! https://t.co/B5L6UKbU8u https://t.co/B29RffPPeL",PRODUTO_CAMISA,PRODUTO_OFICIAL,RELEVANTE,PRODUTO_OFICIAL,FRUSTRACAO,NEGATIVO,CRITICA,0.9,Torcedor elogia a camisa mas critica o preço alto.
1725ebbdaf1b6d63,2068438842454036688,Sao Paulo,QUOTE,Olha lá o @aspirantesSPFC Maik novamente no CT https://t.co/y9jktgr3xQ https://t.co/fHfGBkeau4,Confira as notícias de mais um dia de treinamentos do São Paulo! #VamosSãoPaulo 🇾🇪 🎥 Gutierre Filmes https://t.co/PR32C755MC,OUTRO,OUTRO,RELEVANTE,ELENCO,NEUTRO,NEUTRO,INFORMACAO,0.8,"Torcedor menciona jogador Maik, associado ao time, indicando informação sobre elenco."
12a8d4919188bd5d,2068438842454036688,Sao Paulo,REPLY,"@SaoPauloFC Põe o Luiz Cunha de executivo de futebol, garantia de qualidade.",Confira as notícias de mais um dia de treinamentos do São Paulo! #VamosSãoPaulo 🇾🇪 🎥 Gutierre Filmes https://t.co/PR32C755MC,OUTRO,OUTRO,RELEVANTE,DIRETORIA,DESCONFIANCA,NEGATIVO,COBRANCA,0.85,"Torcedor sugere mudança na diretoria, indicando insatisfação e cobrança por qualidade."
cf11fa5c79318ee2,2068438842454036688,Sao Paulo,REPLY,"@SaoPauloFC Bom treinar muito. SPFC hoje é mais parecido com a Tunísia na Copa do Mundo, rs.",Confira as notícias de mais um dia de treinamentos do São Paulo! #VamosSãoPaulo 🇾🇪 🎥 Gutierre Filmes https://t.co/PR32C755MC,OUTRO,OUTRO,RELEVANTE,DESEMPENHO_EM_CAMPO,IRONIA,NEGATIVO,CRITICA,0.85,"O torcedor faz uma comparação irônica entre o SPFC e a Tunísia, criticando o desempenho do time."
0eb0233bd3fa2e4f,2068453846548893803,Sao Paulo,QUOTE,元ネタ知らんかった･･･。 https://t.co/sOQunXXzwx,"🇯🇵🇹🇳 No clima de Japão x Tunísia, o Arquivo Histórico conta a trajetória de Musashi Mizushima, o primeiro jogador japonês a jogar pelo São Paulo e que inspirou a obra Supercampeões, do famoso personagem Oliver Tsubasa. Conheça essa história &gt; https://t.co/EIxHYCQU1e #SPFCpédia https://t.co/c1CQOtTLeO",OUTRO,OUTRO,POUCO_INFORMATIVO,OUTRO,NEUTRO,NEUTRO,INFORMACAO,0.9,"Torcedor apenas comenta que não conhecia a história, sem expressar emoção forte, crítica ou elogio."
16d9a0602c2610de,2068453846548893803,Sao Paulo,QUOTE,cinema https://t.co/17O703kEiX,"🇯🇵🇹🇳 No clima de Japão x Tunísia, o Arquivo Histórico conta a trajetória de Musashi Mizushima, o primeiro jogador japonês a jogar pelo São Paulo e que inspirou a obra Supercampeões, do famoso personagem Oliver Tsubasa. Conheça essa história &gt; https://t.co/EIxHYCQU1e #SPFCpédia https://t.co/c1CQOtTLeO",OUTRO,OUTRO,POUCO_INFORMATIVO,OUTRO,NEUTRO,NEUTRO,INFORMACAO,0.8,"O torcedor apenas respondeu com a palavra 'cinema' e um link, sem expressar emoção ou opinião clara sobre a publicação."
403b7e42d08f84e8,2068453846548893803,Sao Paulo,QUOTE,Por isso eu adoro o Japão fds. https://t.co/ClOqbBl7Eb,"🇯🇵🇹🇳 No clima de Japão x Tunísia, o Arquivo Histórico conta a trajetória de Musashi Mizushima, o primeiro jogador japonês a jogar pelo São Paulo e que inspirou a obra Supercampeões, do famoso personagem Oliver Tsubasa. Conheça essa história &gt; https://t.co/EIxHYCQU1e #SPFCpédia https://t.co/c1CQOtTLeO",OUTRO,OUTRO,RELEVANTE,OUTRO,ALEGRIA,POSITIVO,APOIO,0.9,O torcedor expressa admiração pelo Japão em reação a uma publicação sobre um jogador japonês do clube.
47cd7a6a76ed33ca,2068453846548893803,Sao Paulo,QUOTE,🇾🇪 https://t.co/9NFOf5smZR,"🇯🇵🇹🇳 No clima de Japão x Tunísia, o Arquivo Histórico conta a trajetória de Musashi Mizushima, o primeiro jogador japonês a jogar pelo São Paulo e que inspirou a obra Supercampeões, do famoso personagem Oliver Tsubasa. Conheça essa história &gt; https://t.co/EIxHYCQU1e #SPFCpédia https://t.co/c1CQOtTLeO",OUTRO,OUTRO,NAO_RELEVANTE,OUTRO,NEUTRO,NEUTRO,OUTRO,0.9,"A reação é apenas uma bandeira e um link, sem conteúdo que indique avaliação ou sentimento em relação à publicação."
6b5e5a05b8596b3d,2068453846548893803,Sao Paulo,QUOTE,"Sei ,vamos continuar sabendo 👓🫡❤️🤍🖤 Próxima etapa já sabem,abram a caixa preta da barra funda ! https://t.co/vZbJ1bL9MC","🇯🇵🇹🇳 No clima de Japão x Tunísia, o Arquivo Histórico conta a trajetória de Musashi Mizushima, o primeiro jogador japonês a jogar pelo São Paulo e que inspirou a obra Supercampeões, do famoso personagem Oliver Tsubasa. Conheça essa história &gt; https://t.co/EIxHYCQU1e #SPFCpédia https://t.co/c1CQOtTLeO",OUTRO,OUTRO,POUCO_INFORMATIVO,COMUNICACAO_DO_CLUBE,IRONIA,MISTO,CRITICA,0.7,"Torcedor desvia do tema histórico para cobrar transparência sobre a 'caixa preta' da Barra Funda, com leve ironia sobre continuar 'sabendo'."
9dbaec0f7d9ef514,2068453846548893803,Sao Paulo,QUOTE,Não tem jeitooooo São Paulo Futebol Clube https://t.co/YambRBdNry,"🇯🇵🇹🇳 No clima de Japão x Tunísia, o Arquivo Histórico conta a trajetória de Musashi Mizushima, o primeiro jogador japonês a jogar pelo São Paulo e que inspirou a obra Supercampeões, do famoso personagem Oliver Tsubasa. Conheça essa história &gt; https://t.co/EIxHYCQU1e #SPFCpédia https://t.co/c1CQOtTLeO",OUTRO,OUTRO,RELEVANTE,OUTRO,ALEGRIA,POSITIVO,APOIO,0.9,"Torcedor expressa admiração pelo clube em tom de brincadeira, demonstrando apoio."
2d243504a633a4f0,2068453846548893803,Sao Paulo,REPLY,"@SaoPauloFC O @SaoPauloFC tem que buscar uma parceria, para que o nome e uniforme do clube, sejam utilizados por Captain Tsubasa, já que é uma obra feita com inspiração exatamente no M. Mizushima. E isso seria uma ótima divulgação do nosso clube pelo mundo, visto o grande alcance da obra!","🇯🇵🇹🇳 No clima de Japão x Tunísia, o Arquivo Histórico conta a trajetória de Musashi Mizushima, o primeiro jogador japonês a jogar pelo São Paulo e que inspirou a obra Supercampeões, do famoso personagem Oliver Tsubasa. Conheça essa história &gt; https://t.co/EIxHYCQU1e #SPFCpédia https://t.co/c1CQOtTLeO",OUTRO,OUTRO,RELEVANTE,MARKETING,APOIO,POSITIVO,PEDIDO,0.9,"Torcedor sugere parceria com obra inspirada no jogador do clube, mostrando apoio e pedido de ação de marketing."
60dca3805cf363b6,2068453846548893803,Sao Paulo,REPLY,"@SaoPauloFC Uma puta história legal que nunca vocês fazem nada para homenagear, uma coleção com o super campeões ou algo do tipo. Bizarro. Só um postzinho é piada... marketing muito fraco.","🇯🇵🇹🇳 No clima de Japão x Tunísia, o Arquivo Histórico conta a trajetória de Musashi Mizushima, o primeiro jogador japonês a jogar pelo São Paulo e que inspirou a obra Supercampeões, do famoso personagem Oliver Tsubasa. Conheça essa história &gt; https://t.co/EIxHYCQU1e #SPFCpédia https://t.co/c1CQOtTLeO",OUTRO,OUTRO,RELEVANTE,MARKETING,FRUSTRACAO,NEGATIVO,CRITICA,0.9,"Torcedor critica o clube por não aproveitar a oportunidade de marketing com a história, demonstrando frustração."
c6a35327aa62125e,2068453846548893803,Sao Paulo,REPLY,"@SaoPauloFC Por causa dele também, a Mizuno criou a chuteira Morelia com as cores do SPFC.","🇯🇵🇹🇳 No clima de Japão x Tunísia, o Arquivo Histórico conta a trajetória de Musashi Mizushima, o primeiro jogador japonês a jogar pelo São Paulo e que inspirou a obra Supercampeões, do famoso personagem Oliver Tsubasa. Conheça essa história &gt; https://t.co/EIxHYCQU1e #SPFCpédia https://t.co/c1CQOtTLeO",OUTRO,OUTRO,RELEVANTE,COMUNICACAO_DO_CLUBE,APOIO,POSITIVO,INFORMACAO,0.9,"Torcedor complementa a história contada pelo clube com um fato adicional, demonstrando conhecimento e apoio à comunicação."
cce95eaf28c10d36,2068453846548893803,Sao Paulo,REPLY,@SaoPauloFC NUNCA SERÁ https://t.co/7yqQpth2zX,"🇯🇵🇹🇳 No clima de Japão x Tunísia, o Arquivo Histórico conta a trajetória de Musashi Mizushima, o primeiro jogador japonês a jogar pelo São Paulo e que inspirou a obra Supercampeões, do famoso personagem Oliver Tsubasa. Conheça essa história &gt; https://t.co/EIxHYCQU1e #SPFCpédia https://t.co/c1CQOtTLeO",OUTRO,OUTRO,RELEVANTE,RIVALIDADE,IRONIA,NEGATIVO,PROVOCACAO,0.9,"Torcedor provoca ao dizer 'NUNCA SERÁ' em resposta a postagem histórica, indicando rivalidade e ironia."
e5cc7430a242365b,2068453846548893803,Sao Paulo,REPLY,@SaoPauloFC Procurem e contratem outro japonês. De preferência para a base.,"🇯🇵🇹🇳 No clima de Japão x Tunísia, o Arquivo Histórico conta a trajetória de Musashi Mizushima, o primeiro jogador japonês a jogar pelo São Paulo e que inspirou a obra Supercampeões, do famoso personagem Oliver Tsubasa. Conheça essa história &gt; https://t.co/EIxHYCQU1e #SPFCpédia https://t.co/c1CQOtTLeO",OUTRO,OUTRO,RELEVANTE,CONTRATACAO,NEUTRO,NEUTRO,PEDIDO,0.7,"O torcedor responde à publicação histórica sobre um jogador japonês, solicitando que o clube contrate outro japonês, preferencialmente para a base."
0dd63cb0ec8d1e33,2068681273493672042,Sao Paulo,QUOTE,alan franco todos https://t.co/cvlIPaQ6SI,"Os 3️⃣ melhores jogadores da sua posição na Copa com Rafael, Alan Franco, Artur e Calleri. #VamosSãoPaulo 🇾🇪 https://t.co/WiAPF8OtqF",OUTRO,OUTRO,RELEVANTE,ELENCO,APOIO,POSITIVO,ELOGIO,0.8,"Torcedor cita Alan Franco como um dos melhores, demonstrando apoio e elogio ao jogador."
1d72b9a7c7ee1d42,2068681273493672042,Sao Paulo,QUOTE,Só leigo pqp https://t.co/rDunQdaiyv,"Os 3️⃣ melhores jogadores da sua posição na Copa com Rafael, Alan Franco, Artur e Calleri. #VamosSãoPaulo 🇾🇪 https://t.co/WiAPF8OtqF",OUTRO,OUTRO,RELEVANTE,RIVALIDADE,RAIVA,NEGATIVO,CRITICA,0.8,"Torcedor critica a publicacao chamando de 'leigo', indicando raiva e insatisfacao com o conteudo."
3ce74ec113f0d2b7,2068681273493672042,Sao Paulo,QUOTE,Otamendi e Marquinhos. por favor me trate sério https://t.co/COR6MkRpDa,"Os 3️⃣ melhores jogadores da sua posição na Copa com Rafael, Alan Franco, Artur e Calleri. #VamosSãoPaulo 🇾🇪 https://t.co/WiAPF8OtqF",OUTRO,OUTRO,RELEVANTE,RIVALIDADE,IRONIA,NEGATIVO,CRITICA,0.8,"Torcedor critica a seleção de jogadores citando nomes de rivais com tom irônico, mostrando descontentamento com a escolha."
8e96d49b36df2cdf,2068681273493672042,Sao Paulo,QUOTE,ele falando alisson como se a gente não fosse perceber https://t.co/JJ9lZdqGAm,"Os 3️⃣ melhores jogadores da sua posição na Copa com Rafael, Alan Franco, Artur e Calleri. #VamosSãoPaulo 🇾🇪 https://t.co/WiAPF8OtqF",OUTRO,OUTRO,RELEVANTE,ELENCO,IRONIA,NEGATIVO,CRITICA,0.9,"Torcedor ironiza a publicação que destaca Rafael, mas omite Alisson, que está na seleção."
c34460a06ce8456a,2068681273493672042,Sao Paulo,QUOTE,todos mentiram e o alan franco não entende nada de futebol https://t.co/ZJ86S5M470,"Os 3️⃣ melhores jogadores da sua posição na Copa com Rafael, Alan Franco, Artur e Calleri. #VamosSãoPaulo 🇾🇪 https://t.co/WiAPF8OtqF",OUTRO,OUTRO,RELEVANTE,DESEMPENHO_EM_CAMPO,IRONIA,NEGATIVO,CRITICA,0.8,"Torcedor critica Alan Franco com ironia, dizendo que ele não entende de futebol, referindo-se à sua atuação."
eb4bf5fa6086c2fc,2068681273493672042,Sao Paulo,QUOTE,Alguém mostra uns vídeo do Ceni pro Rafael… https://t.co/5262h5qadg,"Os 3️⃣ melhores jogadores da sua posição na Copa com Rafael, Alan Franco, Artur e Calleri. #VamosSãoPaulo 🇾🇪 https://t.co/WiAPF8OtqF",OUTRO,OUTRO,RELEVANTE,ELENCO,IRONIA,NEGATIVO,CRITICA,0.8,"Torcedor ironiza a qualidade do goleiro Rafael ao sugerir mostrar vídeos de Rogério Ceni, criticando indiretamente a contratação ou desempenho."
fac2e0712b117f94,2068681273493672042,Sao Paulo,QUOTE,calleri você sabe https://t.co/qrZ1cWZlGS https://t.co/2RYvVm3meh,"Os 3️⃣ melhores jogadores da sua posição na Copa com Rafael, Alan Franco, Artur e Calleri. #VamosSãoPaulo 🇾🇪 https://t.co/WiAPF8OtqF",OUTRO,OUTRO,RELEVANTE,ELENCO,RAIVA,NEGATIVO,COBRANCA,0.7,"Torcedor faz uma cobrança ao jogador Calleri, referindo-se a um lance específico, com tom negativo."
4c9f71805597ade7,2068681273493672042,Sao Paulo,REPLY,"@SaoPauloFC Alan FRACO horrivel de merda podia sumir do sp tbm , zagueiro fraco que n ganha uma dividida , jogadorzinho medonho","Os 3️⃣ melhores jogadores da sua posição na Copa com Rafael, Alan Franco, Artur e Calleri. #VamosSãoPaulo 🇾🇪 https://t.co/WiAPF8OtqF",OUTRO,OUTRO,RELEVANTE,ELENCO,RAIVA,NEGATIVO,CRITICA,0.9,"Torcedor critica duramente o jogador Alan Franco, expressando raiva e insatisfação com seu desempenho."
562daafef73f135c,2068681273493672042,Sao Paulo,REPLY,"@SaoPauloFC Rogério ceni mudou a posição, Rafael chama gol","Os 3️⃣ melhores jogadores da sua posição na Copa com Rafael, Alan Franco, Artur e Calleri. #VamosSãoPaulo 🇾🇪 https://t.co/WiAPF8OtqF",OUTRO,OUTRO,RELEVANTE,ELENCO,FRUSTRACAO,NEGATIVO,CRITICA,0.8,Torcedor critica mudança de posição e desempenho de Rafael.
65b834faae9df3c0,2068681273493672042,Sao Paulo,REPLY,"@SaoPauloFC Falaram os melhores do país, não dá posição de fato","Os 3️⃣ melhores jogadores da sua posição na Copa com Rafael, Alan Franco, Artur e Calleri. #VamosSãoPaulo 🇾🇪 https://t.co/WiAPF8OtqF",OUTRO,OUTRO,RELEVANTE,DESEMPENHO_EM_CAMPO,FRUSTRACAO,NEGATIVO,CRITICA,0.8,"O torcedor critica a publicacao, apontando que os melhores sao do pais, nao da posicao, demonstrando frustracao."
1cdf0d391971931f,2068695603400335778,Sao Paulo,QUOTE,"Até o Rivelino é são-paulino, tá louco @KarenBlixenSPFC @francisco_sccp https://t.co/8he6rY2w1Y","🇪🇸🇸🇦 A Arábia Saudita é a seleção que o São Paulo enfrentou mais vezes até hoje: foram quatro partidas - e, em uma delas, o Tricolor contou com uma participação especial. Saiba mais &gt; https://t.co/gNDD3Dg6ub #SPFCpédia #MemóriaTricolor 🇾🇪 https://t.co/4XRiDNcKFk",OUTRO,OUTRO,RELEVANTE,RIVALIDADE,IRONIA,NEUTRO,PROVOCACAO,0.9,"O torcedor reage com tom irônico e provocativo citando Rivelino, usando hashtag para alfinetar rivais."
353e8c645ede3e4a,2068695603400335778,Sao Paulo,QUOTE,?????????? Eu não fazia ideia disso aqui. https://t.co/5hSrSMD3xc https://t.co/2eZe4V9dwI,"🇪🇸🇸🇦 A Arábia Saudita é a seleção que o São Paulo enfrentou mais vezes até hoje: foram quatro partidas - e, em uma delas, o Tricolor contou com uma participação especial. Saiba mais &gt; https://t.co/gNDD3Dg6ub #SPFCpédia #MemóriaTricolor 🇾🇪 https://t.co/4XRiDNcKFk",OUTRO,OUTRO,RELEVANTE,OUTRO,NEUTRO,NEUTRO,INFORMACAO,0.9,"O torcedor expressa surpresa ao descobrir um fato histórico, sem carga emocional forte ou intenção de crítica/elogio."
6b6c603de34ec8aa,2068695603400335778,Sao Paulo,QUOTE,"Eu tenho uma pasta no computador só com ""jogadores ídolos de rivais que jogaram no spfc"" kkk https://t.co/owITm0dwKZ","🇪🇸🇸🇦 A Arábia Saudita é a seleção que o São Paulo enfrentou mais vezes até hoje: foram quatro partidas - e, em uma delas, o Tricolor contou com uma participação especial. Saiba mais &gt; https://t.co/gNDD3Dg6ub #SPFCpédia #MemóriaTricolor 🇾🇪 https://t.co/4XRiDNcKFk",OUTRO,OUTRO,POUCO_INFORMATIVO,OUTRO,IRONIA,POSITIVO,MEME_PIADA,0.8,"Torcedor faz piada com rivais que jogaram no São Paulo, comentário não se relaciona diretamente com o conteúdo da publicação (história do clube)."
c7cba80b1ae4b985,2068695603400335778,Sao Paulo,QUOTE,a seleção que o são paulo mais enfrentou foi a arábia..... pqp galera todos os sinais estão aí https://t.co/si1tewbnEk,"🇪🇸🇸🇦 A Arábia Saudita é a seleção que o São Paulo enfrentou mais vezes até hoje: foram quatro partidas - e, em uma delas, o Tricolor contou com uma participação especial. Saiba mais &gt; https://t.co/gNDD3Dg6ub #SPFCpédia #MemóriaTricolor 🇾🇪 https://t.co/4XRiDNcKFk",OUTRO,OUTRO,RELEVANTE,COMUNICACAO_DO_CLUBE,IRONIA,NEUTRO,CRITICA,0.8,"Torcedor ironiza o dado histórico divulgado pelo clube, criticando a relevância da informação."
d14d1fb1a80beb23,2068695603400335778,Sao Paulo,QUOTE,"Pouquíssimas pessoas sabem dessa história, quando Rivelino emprestou sua talentosa perna esquerda ao Tricolor do Morumbi. https://t.co/hgOJsCn3Xk","🇪🇸🇸🇦 A Arábia Saudita é a seleção que o São Paulo enfrentou mais vezes até hoje: foram quatro partidas - e, em uma delas, o Tricolor contou com uma participação especial. Saiba mais &gt; https://t.co/gNDD3Dg6ub #SPFCpédia #MemóriaTricolor 🇾🇪 https://t.co/4XRiDNcKFk",OUTRO,OUTRO,RELEVANTE,OUTRO,ORGULHO,POSITIVO,INFORMACAO,0.8,"Torcedor complementa a publicação com um fato histórico, demonstrando orgulho pela contribuição de Rivelino ao clube."
ea11d0b808834c3b,2068695603400335778,Sao Paulo,QUOTE,👓❤️🤍🖤🫡 https://t.co/5qkQsDhV7l,"🇪🇸🇸🇦 A Arábia Saudita é a seleção que o São Paulo enfrentou mais vezes até hoje: foram quatro partidas - e, em uma delas, o Tricolor contou com uma participação especial. Saiba mais &gt; https://t.co/gNDD3Dg6ub #SPFCpédia #MemóriaTricolor 🇾🇪 https://t.co/4XRiDNcKFk",OUTRO,OUTRO,POUCO_INFORMATIVO,OUTRO,APOIO,POSITIVO,APOIO,0.6,"Reação com emojis de coração e símbolos que demonstram apoio ao clube, mas sem comentário textual relevante."
a51ef83d03358875,2068695603400335778,Sao Paulo,REPLY,@SaoPauloFC @alline_branco_ Muito bom! Não sabia dessa,"🇪🇸🇸🇦 A Arábia Saudita é a seleção que o São Paulo enfrentou mais vezes até hoje: foram quatro partidas - e, em uma delas, o Tricolor contou com uma participação especial. Saiba mais &gt; https://t.co/gNDD3Dg6ub #SPFCpédia #MemóriaTricolor 🇾🇪 https://t.co/4XRiDNcKFk",OUTRO,OUTRO,POUCO_INFORMATIVO,OUTRO,ALEGRIA,POSITIVO,INFORMACAO,0.9,"O torcedor expressa surpresa positiva ao descobrir um fato histórico, mas a reação não agrega informação relevante para o debate."
c34ee5892794c97f,2068695603400335778,Sao Paulo,REPLY,@SaoPauloFC 🤣🤣🤣🤣🤣🤣🤣,"🇪🇸🇸🇦 A Arábia Saudita é a seleção que o São Paulo enfrentou mais vezes até hoje: foram quatro partidas - e, em uma delas, o Tricolor contou com uma participação especial. Saiba mais &gt; https://t.co/gNDD3Dg6ub #SPFCpédia #MemóriaTricolor 🇾🇪 https://t.co/4XRiDNcKFk",OUTRO,OUTRO,POUCO_INFORMATIVO,OUTRO,IRONIA,NEUTRO,MEME_PIADA,0.9,Torcedor responde com risos (emojis de '🤣') a uma publicação sobre partida contra Arábia Saudita. Não há informação nova ou crítica séria; apenas reação humorística.
db7277bb56d82ab1,2068710918272299094,Sao Paulo,QUOTE,estou gag com esse lacre https://t.co/GEm1Dt0LEc https://t.co/sRZE8oamku,A Camiseta Retrô 1971 resgata a essência do Tricolor com um visual clássico que nunca sai de moda. Reviva essa tradição e garanta já a sua na SAO Store! https://t.co/EspuoUfPPv https://t.co/zQW9dckf4G,PRODUTO_CAMISA,PRODUTO_OFICIAL,RELEVANTE,PRODUTO_OFICIAL,ALEGRIA,POSITIVO,ELOGIO,0.9,"Torcedor expressa aprovação à camisa com entusiasmo ('estou gag'), indicando elogio direto ao produto."
b0bb772ef815c247,2068741371461070982,Sao Paulo,REPLY,@SaoPauloFC Sem essa de Rafinha em !!!,Momentos da nossa semana de treinamentos no SuperCT 🎥 Gutierre Filmes #VamosSãoPaulo 🇾🇪 https://t.co/bWWJRdrrAY,OUTRO,OUTRO,RELEVANTE,ELENCO,FRUSTRACAO,NEGATIVO,CRITICA,0.95,"Torcedor critica a presença do jogador Rafinha no elenco, demonstrando insatisfação."
df7b43b5f552e516,2068741371461070982,Sao Paulo,REPLY,@SaoPauloFC Essa diretoria sem vergonha já mandou o Rafinha embora?,Momentos da nossa semana de treinamentos no SuperCT 🎥 Gutierre Filmes #VamosSãoPaulo 🇾🇪 https://t.co/bWWJRdrrAY,OUTRO,OUTRO,RELEVANTE,DIRETORIA,DESCONFIANCA,NEGATIVO,PERGUNTA,0.8,"Torcedor questiona decisão da diretoria de mandar o jogador Rafinha embora, expressando desconfiança."
