reaction_id,parent_post_id,club,reaction_type,clean_text,official_text,official_post_type,official_post_topic,official_created_at,official_like_count,official_reply_count,official_quote_count,like_count,reply_count,retweet_count,quote_count,relevancia,tema,emocao,polaridade,intencao,confianca_modelo,justificativa_curta,validado_manual,rotulo_corrigido,observacoes
8105f42cfad58c93,2067261004287799628,Sao Paulo,QUOTE,400 REAIS VAI SE FUDE https://t.co/WFBIczTeHG https://t.co/YFkTnuFY6n,"Estilo streetwear com a essência do Tricolor. 🔴⚪⚫ A nova Camisa Manga Longa São Paulo New Balance traz conforto, atitude e um visual marcante pra quem vive o SPFC em qualquer ocasião. 🔥 Garanta já a sua na SAO Store. 🛒 https://t.co/B5L6UKbU8u https://t.co/TE6d8Q4DMi",PRODUTO_CAMISA,PRODUTO_OFICIAL,2026-06-17T15:00:05.000Z,157,0,1,0,2,0,0,,,,,,,,NAO,,
94b6a56826c71ce9,2067291309803503921,Sao Paulo,QUOTE,"@WesleydeArajoG1 @SaoPauloFC Oito jogadores que já jogaram nos profissionais, obrigação ganhar e ganhar bem hoje! https://t.co/pIZ50ZKkDq","Brasileiro Sub-20: Tricolor escalado para enfrentar o Juventude, às 15h, no CFAC Juventude, em Caxias do Sul (RS)! #MadeInCotia #VamosSãoPaulo 🇾🇪 https://t.co/qGVoAU099C",ESCALACAO,CATEGORIA_BASE,2026-06-17T17:00:31.000Z,70,1,3,0,0,0,0,,,,,,,,NAO,,
a8b7ed4e140d91f8,2067291309803503921,Sao Paulo,QUOTE,Nicolas voltou da viagem até a Copa e será titular. Isac no banco. https://t.co/Frr3dWRNub,"Brasileiro Sub-20: Tricolor escalado para enfrentar o Juventude, às 15h, no CFAC Juventude, em Caxias do Sul (RS)! #MadeInCotia #VamosSãoPaulo 🇾🇪 https://t.co/qGVoAU099C",ESCALACAO,CATEGORIA_BASE,2026-06-17T17:00:31.000Z,70,1,3,4,0,0,0,,,,,,,,NAO,,
2aabaaa64cd5536e,2067298821130858794,Sao Paulo,QUOTE,"Inacreditável, com mais um jogo em Cotia, novamente o São Paulo não transmite o confronto. E o pior que o clube não faz nem questão de explicar a razão pela qual não transmite o confronto. https://t.co/kN589ZZOQB","Brasileiro Sub-17: Tricolor escalado para enfrentar o Fluminense, às 15h, no CFA Laudo Natel, em São Paulo (SP)! #MadeInCotia #VamosSãoPaulo 🇾🇪 https://t.co/NR5QVPNdhF",ESCALACAO,CATEGORIA_BASE,2026-06-17T17:30:22.000Z,50,2,1,11,4,1,0,,,,,,,,NAO,,
3121a3ae346b911a,2067335082092708037,Sao Paulo,QUOTE,"Enquanto tá geral olhando pra copa, Xerém vai fazendo vítimas… olha o sub-17 goleando o São Paulo dentro do CT de Cotia! https://t.co/XEPC5KcxAq",Brasileiro Sub-17: Fim de jogo #SPFCxFLU (1x4) https://t.co/Fn0ETHCa7U,RESULTADO,CATEGORIA_BASE,2026-06-17T19:54:27.000Z,41,7,5,135,3,1,0,,,,,,,,NAO,,
43a76c2fd290cacd,2067335082092708037,Sao Paulo,QUOTE,já já o menta desce pro sub-15 e aí vai poder pedir música no fantástico pq fodeu com 3 categorias diferentes 🤩 homem desgraçado e clube falido https://t.co/yTeCgRIIVI,Brasileiro Sub-17: Fim de jogo #SPFCxFLU (1x4) https://t.co/Fn0ETHCa7U,RESULTADO,CATEGORIA_BASE,2026-06-17T19:54:27.000Z,41,7,5,0,0,0,0,,,,,,,,NAO,,
e79f7b3f1353d8d4,2067335082092708037,Sao Paulo,QUOTE,Que bom! https://t.co/3WzKDXFmH2,Brasileiro Sub-17: Fim de jogo #SPFCxFLU (1x4) https://t.co/Fn0ETHCa7U,RESULTADO,CATEGORIA_BASE,2026-06-17T19:54:27.000Z,41,7,5,2,1,0,0,,,,,,,,NAO,,
aacbf265450efc6f,2067335082092708037,Sao Paulo,REPLY,@SaoPauloFC clube falido em todos os âmbitos,Brasileiro Sub-17: Fim de jogo #SPFCxFLU (1x4) https://t.co/Fn0ETHCa7U,RESULTADO,CATEGORIA_BASE,2026-06-17T19:54:27.000Z,41,7,5,2,1,0,0,,,,,,,,NAO,,
af72c492914bd360,2067335082092708037,Sao Paulo,REPLY,@SaoPauloFC Presságio do amistoso que vem aí 😁,Brasileiro Sub-17: Fim de jogo #SPFCxFLU (1x4) https://t.co/Fn0ETHCa7U,RESULTADO,CATEGORIA_BASE,2026-06-17T19:54:27.000Z,41,7,5,0,0,0,0,,,,,,,,NAO,,
14d9e4415c8bda7e,2067338406628090101,Sao Paulo,QUOTE,Surreal. Com todos os profissionais e mesmo assim não vence. https://t.co/M1lv2aIQpp,Brasileiro Sub-20: Fim de jogo #JUVxSPFC (1-0) https://t.co/7jnhqOZ4pm,RESULTADO,CATEGORIA_BASE,2026-06-17T20:07:40.000Z,34,12,5,0,0,0,0,,,,,,,,NAO,,
2688172b2f33f024,2067338406628090101,Sao Paulo,QUOTE,"Desde 2022 o São Paulo não consegue ficar entre os 6 melhores times do Brasileirão sub-20, ganharam títulos muito por conta da competência absurda do Allan, trabalho pífio com a base, invés de apostar com (Belleti, Júlio) no sub-17 jogam eles no sub-20, diretoria retardada ($$$) https://t.co/QO0geJreKu",Brasileiro Sub-20: Fim de jogo #JUVxSPFC (1-0) https://t.co/7jnhqOZ4pm,RESULTADO,CATEGORIA_BASE,2026-06-17T20:07:40.000Z,34,12,5,5,1,0,0,,,,,,,,NAO,,
9c606c66fb5ad832,2067338406628090101,Sao Paulo,QUOTE,Estava dormindo ou com vergonha? https://t.co/gVUB0NMyA1,Brasileiro Sub-20: Fim de jogo #JUVxSPFC (1-0) https://t.co/7jnhqOZ4pm,RESULTADO,CATEGORIA_BASE,2026-06-17T20:07:40.000Z,34,12,5,3,1,0,0,,,,,,,,NAO,,
abd8ac459484500a,2067338406628090101,Sao Paulo,QUOTE,"E assim Cotia vai sendo destruída aos poucos. Com gestões danosas ao clube, além de trazer técnicos com trabalhos muito duvidosos, o São Paulo perde para o lanterna do Brasileirão Sub 20, Juventude, por 1 a 0. https://t.co/zhN8rZqrLu",Brasileiro Sub-20: Fim de jogo #JUVxSPFC (1-0) https://t.co/7jnhqOZ4pm,RESULTADO,CATEGORIA_BASE,2026-06-17T20:07:40.000Z,34,12,5,12,0,4,0,,,,,,,,NAO,,
8df3648cb5664d01,2067338406628090101,Sao Paulo,REPLY,"@SaoPauloFC Vamo ser rebaixado no sub-20, o nível de amadorismo desse clube chegou em seu ápice! Nada presta nessa merda a nao ser a torcida...",Brasileiro Sub-20: Fim de jogo #JUVxSPFC (1-0) https://t.co/7jnhqOZ4pm,RESULTADO,CATEGORIA_BASE,2026-06-17T20:07:40.000Z,34,12,5,0,0,0,0,,,,,,,,NAO,,
9d812f849c805229,2067338406628090101,Sao Paulo,REPLY,@SaoPauloFC Misericórdia até aí estamos sofrendo ..... #ForaJulioBatista,Brasileiro Sub-20: Fim de jogo #JUVxSPFC (1-0) https://t.co/7jnhqOZ4pm,RESULTADO,CATEGORIA_BASE,2026-06-17T20:07:40.000Z,34,12,5,1,0,0,0,,,,,,,,NAO,,
f07bf7cb84585790,2067338406628090101,Sao Paulo,REPLY,@SaoPauloFC Alguém salva a base do SP,Brasileiro Sub-20: Fim de jogo #JUVxSPFC (1-0) https://t.co/7jnhqOZ4pm,RESULTADO,CATEGORIA_BASE,2026-06-17T20:07:40.000Z,34,12,5,0,0,0,0,,,,,,,,NAO,,
4d4e4d68d36c3d1b,2067359047389487371,Sao Paulo,QUOTE,Os bagres voltaram https://t.co/OuG4vjvfyN,Reapresentação e início da intertemporada tricolor! #VamosSãoPaulo 🇾🇪 📸 Rubens Chiri / São Paulo FC https://t.co/q33LCeJ4ra,BASTIDORES,FUTEBOL_PROFISSIONAL_MASCULINO,2026-06-17T21:29:41.000Z,727,43,9,0,0,0,0,,,,,,,,NAO,,
6ff6971602527469,2067359047389487371,Sao Paulo,QUOTE,imagina a maldição que não foi esse treino https://t.co/NQV2e04ayt,Reapresentação e início da intertemporada tricolor! #VamosSãoPaulo 🇾🇪 📸 Rubens Chiri / São Paulo FC https://t.co/q33LCeJ4ra,BASTIDORES,FUTEBOL_PROFISSIONAL_MASCULINO,2026-06-17T21:29:41.000Z,727,43,9,5,0,0,0,,,,,,,,NAO,,
b44d57b0edd16647,2067359047389487371,Sao Paulo,QUOTE,MELHOR NÃO https://t.co/w16yM6NaSy,Reapresentação e início da intertemporada tricolor! #VamosSãoPaulo 🇾🇪 📸 Rubens Chiri / São Paulo FC https://t.co/q33LCeJ4ra,BASTIDORES,FUTEBOL_PROFISSIONAL_MASCULINO,2026-06-17T21:29:41.000Z,727,43,9,0,0,0,0,,,,,,,,NAO,,
c4331e3e53897974,2067359047389487371,Sao Paulo,QUOTE,Eu não esqueci https://t.co/7pI8HEDOFD https://t.co/wvX3e1Er85,Reapresentação e início da intertemporada tricolor! #VamosSãoPaulo 🇾🇪 📸 Rubens Chiri / São Paulo FC https://t.co/q33LCeJ4ra,BASTIDORES,FUTEBOL_PROFISSIONAL_MASCULINO,2026-06-17T21:29:41.000Z,727,43,9,1,0,0,0,,,,,,,,NAO,,
03e4aa5f84e106d2,2067359047389487371,Sao Paulo,REPLY,@SaoPauloFC Meu medo e perder logo na primeira partida pós copa....,Reapresentação e início da intertemporada tricolor! #VamosSãoPaulo 🇾🇪 📸 Rubens Chiri / São Paulo FC https://t.co/q33LCeJ4ra,BASTIDORES,FUTEBOL_PROFISSIONAL_MASCULINO,2026-06-17T21:29:41.000Z,727,43,9,0,0,0,0,,,,,,,,NAO,,
68cb447542e494b2,2067359047389487371,Sao Paulo,REPLY,@SaoPauloFC Nossos Guerreiros! 😫🥱,Reapresentação e início da intertemporada tricolor! #VamosSãoPaulo 🇾🇪 📸 Rubens Chiri / São Paulo FC https://t.co/q33LCeJ4ra,BASTIDORES,FUTEBOL_PROFISSIONAL_MASCULINO,2026-06-17T21:29:41.000Z,727,43,9,0,0,0,0,,,,,,,,NAO,,
80dbb51bd9a7553c,2067359047389487371,Sao Paulo,REPLY,@SaoPauloFC Não precisa de descanso e nem de treinamento porque esse time não faz nada mesmo.,Reapresentação e início da intertemporada tricolor! #VamosSãoPaulo 🇾🇪 📸 Rubens Chiri / São Paulo FC https://t.co/q33LCeJ4ra,BASTIDORES,FUTEBOL_PROFISSIONAL_MASCULINO,2026-06-17T21:29:41.000Z,727,43,9,0,0,0,0,,,,,,,,NAO,,
c2c12e84c0209d4c,2067359047389487371,Sao Paulo,REPLY,@SaoPauloFC Time fede a fracasso.,Reapresentação e início da intertemporada tricolor! #VamosSãoPaulo 🇾🇪 📸 Rubens Chiri / São Paulo FC https://t.co/q33LCeJ4ra,BASTIDORES,FUTEBOL_PROFISSIONAL_MASCULINO,2026-06-17T21:29:41.000Z,727,43,9,0,0,0,0,,,,,,,,NAO,,
d4dcd74b25bae14c,2067359047389487371,Sao Paulo,REPLY,@SaoPauloFC por mim,Reapresentação e início da intertemporada tricolor! #VamosSãoPaulo 🇾🇪 📸 Rubens Chiri / São Paulo FC https://t.co/q33LCeJ4ra,BASTIDORES,FUTEBOL_PROFISSIONAL_MASCULINO,2026-06-17T21:29:41.000Z,727,43,9,0,0,0,0,,,,,,,,NAO,,
04f0bd72e12726cb,2067383876234674418,Sao Paulo,REPLY,@SaoPauloFC Rui Costa já foi demitido? Já espancaram o Olten a caminho da barra funda pra servir de exemplo? Quantos ratos ainda estão vivos?,As imagens do início da nossa intertemporada! #VamosSãoPaulo 🇾🇪 🎥 Gutierre Filmes https://t.co/eWa3yiY9j2,BASTIDORES,FUTEBOL_PROFISSIONAL_MASCULINO,2026-06-17T23:08:20.000Z,552,17,1,1,0,0,0,,,,,,,,NAO,,
2935259613b40931,2067383876234674418,Sao Paulo,REPLY,@SaoPauloFC Cadê as contratações porra e tem que mandar meio time pra rua,As imagens do início da nossa intertemporada! #VamosSãoPaulo 🇾🇪 🎥 Gutierre Filmes https://t.co/eWa3yiY9j2,BASTIDORES,FUTEBOL_PROFISSIONAL_MASCULINO,2026-06-17T23:08:20.000Z,552,17,1,0,0,0,0,,,,,,,,NAO,,
632e211aba7fc148,2067585650593857766,Sao Paulo,QUOTE,Se convocasse o goat no lugar do neymar a classificação pra final já ficava garantida https://t.co/63RA49anwL,"🎉 Feliz aniversário, Wellington Rato! Campeão da Copa do Brasil de 2023 e da Supercopa Rei de 2024, o meia-atacante completa 3️⃣4️⃣ anos nesta quinta-feira. Parabéns e felicidades! 🥳 #VamosSãoPaulo 🇾🇪 https://t.co/OilIyWzHHx",OUTRO,INSTITUCIONAL,2026-06-18T12:30:07.000Z,63,6,1,0,0,0,0,,,,,,,,NAO,,
1ffc7130cf9d49c6,2067585650593857766,Sao Paulo,REPLY,@SaoPauloFC Lenda,"🎉 Feliz aniversário, Wellington Rato! Campeão da Copa do Brasil de 2023 e da Supercopa Rei de 2024, o meia-atacante completa 3️⃣4️⃣ anos nesta quinta-feira. Parabéns e felicidades! 🥳 #VamosSãoPaulo 🇾🇪 https://t.co/OilIyWzHHx",OUTRO,INSTITUCIONAL,2026-06-18T12:30:07.000Z,63,6,1,0,0,0,0,,,,,,,,NAO,,
3757b0db211e17f9,2067586213846859919,Sao Paulo,QUOTE,Feliz Natal https://t.co/EsPChro7xd,"🎉 Feliz aniversário, Wellington Rato! Campeão da Copa do Brasil de 2023 e da Supercopa Rei de 2024, o meia-atacante completa 3️⃣4️⃣ anos nesta quinta-feira. Parabéns e felicidades! 🥳 #VamosSãoPaulo 🇾🇪 https://t.co/QhlYO5Clej",OUTRO,INSTITUCIONAL,2026-06-18T12:32:21.000Z,4309,89,94,0,0,0,0,,,,,,,,NAO,,
5bb78377566ee31d,2067586213846859919,Sao Paulo,QUOTE,VOLTA RATO https://t.co/nxbrJ2j9QL,"🎉 Feliz aniversário, Wellington Rato! Campeão da Copa do Brasil de 2023 e da Supercopa Rei de 2024, o meia-atacante completa 3️⃣4️⃣ anos nesta quinta-feira. Parabéns e felicidades! 🥳 #VamosSãoPaulo 🇾🇪 https://t.co/QhlYO5Clej",OUTRO,INSTITUCIONAL,2026-06-18T12:32:21.000Z,4309,89,94,0,0,0,0,,,,,,,,NAO,,
c67fea2bd3fa7aaa,2067586213846859919,Sao Paulo,QUOTE,Obrigado por tudo https://t.co/613P2O0srm,"🎉 Feliz aniversário, Wellington Rato! Campeão da Copa do Brasil de 2023 e da Supercopa Rei de 2024, o meia-atacante completa 3️⃣4️⃣ anos nesta quinta-feira. Parabéns e felicidades! 🥳 #VamosSãoPaulo 🇾🇪 https://t.co/QhlYO5Clej",OUTRO,INSTITUCIONAL,2026-06-18T12:32:21.000Z,4309,89,94,0,0,0,0,,,,,,,,NAO,,
e395596b8e616cd0,2067586213846859919,Sao Paulo,QUOTE,Vi jogar. https://t.co/F0UWrHB20F,"🎉 Feliz aniversário, Wellington Rato! Campeão da Copa do Brasil de 2023 e da Supercopa Rei de 2024, o meia-atacante completa 3️⃣4️⃣ anos nesta quinta-feira. Parabéns e felicidades! 🥳 #VamosSãoPaulo 🇾🇪 https://t.co/QhlYO5Clej",OUTRO,INSTITUCIONAL,2026-06-18T12:32:21.000Z,4309,89,94,2,0,0,0,,,,,,,,NAO,,
fe7772bf5ee592d1,2067586213846859919,Sao Paulo,QUOTE,Vou dizer para meus filhos que esse foi Raí. https://t.co/ElRmxx6lwX,"🎉 Feliz aniversário, Wellington Rato! Campeão da Copa do Brasil de 2023 e da Supercopa Rei de 2024, o meia-atacante completa 3️⃣4️⃣ anos nesta quinta-feira. Parabéns e felicidades! 🥳 #VamosSãoPaulo 🇾🇪 https://t.co/QhlYO5Clej",OUTRO,INSTITUCIONAL,2026-06-18T12:32:21.000Z,4309,89,94,0,0,0,0,,,,,,,,NAO,,
005e7c63ffdc7861,2067586213846859919,Sao Paulo,REPLY,"@SaoPauloFC Rato, eterno!","🎉 Feliz aniversário, Wellington Rato! Campeão da Copa do Brasil de 2023 e da Supercopa Rei de 2024, o meia-atacante completa 3️⃣4️⃣ anos nesta quinta-feira. Parabéns e felicidades! 🥳 #VamosSãoPaulo 🇾🇪 https://t.co/QhlYO5Clej",OUTRO,INSTITUCIONAL,2026-06-18T12:32:21.000Z,4309,89,94,1,0,0,0,,,,,,,,NAO,,
25456c1dad7064c6,2067586213846859919,Sao Paulo,REPLY,@SaoPauloFC São Paulo FC Legend ❤️,"🎉 Feliz aniversário, Wellington Rato! Campeão da Copa do Brasil de 2023 e da Supercopa Rei de 2024, o meia-atacante completa 3️⃣4️⃣ anos nesta quinta-feira. Parabéns e felicidades! 🥳 #VamosSãoPaulo 🇾🇪 https://t.co/QhlYO5Clej",OUTRO,INSTITUCIONAL,2026-06-18T12:32:21.000Z,4309,89,94,0,0,0,0,,,,,,,,NAO,,
74ea611e960a3421,2067586213846859919,Sao Paulo,REPLY,@SaoPauloFC Pai das galinhas,"🎉 Feliz aniversário, Wellington Rato! Campeão da Copa do Brasil de 2023 e da Supercopa Rei de 2024, o meia-atacante completa 3️⃣4️⃣ anos nesta quinta-feira. Parabéns e felicidades! 🥳 #VamosSãoPaulo 🇾🇪 https://t.co/QhlYO5Clej",OUTRO,INSTITUCIONAL,2026-06-18T12:32:21.000Z,4309,89,94,0,0,0,0,,,,,,,,NAO,,
8df97a262755651c,2067586213846859919,Sao Paulo,REPLY,@SaoPauloFC volta vida,"🎉 Feliz aniversário, Wellington Rato! Campeão da Copa do Brasil de 2023 e da Supercopa Rei de 2024, o meia-atacante completa 3️⃣4️⃣ anos nesta quinta-feira. Parabéns e felicidades! 🥳 #VamosSãoPaulo 🇾🇪 https://t.co/QhlYO5Clej",OUTRO,INSTITUCIONAL,2026-06-18T12:32:21.000Z,4309,89,94,2,0,0,0,,,,,,,,NAO,,
2917021d98e96b88,2067593205231554867,Sao Paulo,QUOTE,mas quando eu falo que o SPFC é o time do shane hollander ainda tem gente que não acredita https://t.co/cSwX2Vlpzj,"18 de junho: Dia Mundial do Orgulho Autista 🧩 É dia de homenagear as pessoas com Transtorno do Espectro Autista, o TEA. De celebrar cada vitória diária, objetivo alcançado e desafios superados na neurodivergência. É também uma oportunidade para refletir sobre a necessidade de https://t.co/Cu2iezdXHl",OUTRO,OUTRO,2026-06-18T13:00:08.000Z,431,1,1,0,0,0,0,,,,,,,,NAO,,
5e19f79fa9eb9d4f,2067602854341140736,Sao Paulo,QUOTE,Orgulho do meu time! 🇾🇪 🧩 https://t.co/XHzgtpwJGz,"🧩 Ainda sobre o #DiaMundialDoOrgulhoAutista, o São Paulo acredita que acolher seja o caminho para a inclusão. O MorumBIS oferece a sala TEA+ Tricolor, espaço de acomodação e regulação sensorial para torcedores autistas durante os jogos. O espaço, inaugurado em 2023, está https://t.co/7lM9EMllid",OUTRO,OUTRO,2026-06-18T13:38:29.000Z,349,0,2,1,0,0,0,,,,,,,,NAO,,
8b716d191bb99a60,2067602854341140736,Sao Paulo,QUOTE,O @SaoPauloFC teve preguiça de criar um post novo. Pegaram tudo do ano passado 🤡 https://t.co/HIlMauwCLN,"🧩 Ainda sobre o #DiaMundialDoOrgulhoAutista, o São Paulo acredita que acolher seja o caminho para a inclusão. O MorumBIS oferece a sala TEA+ Tricolor, espaço de acomodação e regulação sensorial para torcedores autistas durante os jogos. O espaço, inaugurado em 2023, está https://t.co/7lM9EMllid",OUTRO,OUTRO,2026-06-18T13:38:29.000Z,349,0,2,0,0,0,0,,,,,,,,NAO,,
966024a3655c4532,2067623724593864813,Sao Paulo,REPLY,"@SaoPauloFC Lá vem mais uma zika, vou até mudar meu placar no bolão","🇨🇿🇾🇪 Hoje tem jogo da Tchéquia na Copa, e o Arquivo Histórico traz uma curiosidade sobre o país: o tcheco que defendeu o São Paulo em um único jogo Conheça essa história: https://t.co/Z67emo8isW #SPFCpédia #MemóriaTricolor https://t.co/iRGtU6m3Oj",PARTIDA,OUTRO,2026-06-18T15:01:25.000Z,467,6,0,1,0,0,0,,,,,,,,NAO,,
b4f1d5a6bc9dd18a,2067635336243560511,Sao Paulo,REPLY,@SaoPauloFC Na SAO Store eu encontro a demissão do Rui Costa também ???? FORA RUI COSTA!!! E Vaamos São Paulo,A história do Tricolor você veste aqui! 📜🇾🇪 Na SAO Store você encontra a sua camisa! 🔗 https://t.co/EspuoUfPPv https://t.co/wrIDpsT5jD,PRODUTO_CAMISA,PRODUTO_OFICIAL,2026-06-18T15:47:33.000Z,253,4,0,1,0,0,0,,,,,,,,NAO,,
c0666cae4158a61e,2067635336243560511,Sao Paulo,REPLY,@SaoPauloFC nova camiseta pra serie B? timeco fudido,A história do Tricolor você veste aqui! 📜🇾🇪 Na SAO Store você encontra a sua camisa! 🔗 https://t.co/EspuoUfPPv https://t.co/wrIDpsT5jD,PRODUTO_CAMISA,PRODUTO_OFICIAL,2026-06-18T15:47:33.000Z,253,4,0,1,0,0,0,,,,,,,,NAO,,
e747c03efa58b7f7,2067635336243560511,Sao Paulo,REPLY,"@SaoPauloFC História que essa bost@ de diretoria faz o favor de apagá-la, se não fosse a torcida que ainda ama esse clube, já seria extinto com esses bando de caga grosso.",A história do Tricolor você veste aqui! 📜🇾🇪 Na SAO Store você encontra a sua camisa! 🔗 https://t.co/EspuoUfPPv https://t.co/wrIDpsT5jD,PRODUTO_CAMISA,PRODUTO_OFICIAL,2026-06-18T15:47:33.000Z,253,4,0,1,0,0,0,,,,,,,,NAO,,
f9d1e80fcb4635c2,2067635336243560511,Sao Paulo,REPLY,@SaoPauloFC https://t.co/7a6km8uNIW,A história do Tricolor você veste aqui! 📜🇾🇪 Na SAO Store você encontra a sua camisa! 🔗 https://t.co/EspuoUfPPv https://t.co/wrIDpsT5jD,PRODUTO_CAMISA,PRODUTO_OFICIAL,2026-06-18T15:47:33.000Z,253,4,0,0,0,0,0,,,,,,,,NAO,,
ffb1f25e150c79d2,2067638746615369958,Sao Paulo,REPLY,@SaoPauloFC time falido fecha as portas,Treino do #FutebolFemininoTricolor concluído! #VamosSãoPaulo 🇾🇪 https://t.co/b2cx3dZlgG,BASTIDORES,FUTEBOL_FEMININO,2026-06-18T16:01:06.000Z,187,2,0,0,0,0,0,,,,,,,,NAO,,
e5f8052b55848eaf,2067666394410315955,Sao Paulo,QUOTE,https://t.co/3pgLlbQsk0 https://t.co/Fn7oN6wKw7,Segundo dia de intertemporada concluído! #VamosSãoPaulo 🇾🇪 📸 Erico Leonan / São Paulo FC https://t.co/pLMI0rr8VK,BASTIDORES,FUTEBOL_PROFISSIONAL_MASCULINO,2026-06-18T17:50:58.000Z,503,9,2,0,0,0,0,,,,,,,,NAO,,
ea57ac8c94a2c942,2067666394410315955,Sao Paulo,REPLY,@SaoPauloFC Nem lembrava mais desses bagres do SP,Segundo dia de intertemporada concluído! #VamosSãoPaulo 🇾🇪 📸 Erico Leonan / São Paulo FC https://t.co/pLMI0rr8VK,BASTIDORES,FUTEBOL_PROFISSIONAL_MASCULINO,2026-06-18T17:50:58.000Z,503,9,2,2,1,0,0,,,,,,,,NAO,,
4b10e670b6e3023d,2067717903470714900,Sao Paulo,REPLY,"@SaoPauloFC Vão ter esse tempo todinho pra treinar, e quando voltarem ainda vão perder.",Confira as imagens do segundo dia de intertemporada do Tricolor! #VamosSãoPaulo 🇾🇪 🎥 Gutierre Filmes https://t.co/KM5lXT9EOO,BASTIDORES,FUTEBOL_PROFISSIONAL_MASCULINO,2026-06-18T21:15:39.000Z,434,10,0,1,0,0,0,,,,,,,,NAO,,
4cfe69ebebda3354,2067717903470714900,Sao Paulo,REPLY,@SaoPauloFC eu quero te esquecer por enquanto!,Confira as imagens do segundo dia de intertemporada do Tricolor! #VamosSãoPaulo 🇾🇪 🎥 Gutierre Filmes https://t.co/KM5lXT9EOO,BASTIDORES,FUTEBOL_PROFISSIONAL_MASCULINO,2026-06-18T21:15:39.000Z,434,10,0,2,0,0,0,,,,,,,,NAO,,
60b86bec122933d9,2067717903470714900,Sao Paulo,REPLY,@SaoPauloFC Cuidado com o vento gelado,Confira as imagens do segundo dia de intertemporada do Tricolor! #VamosSãoPaulo 🇾🇪 🎥 Gutierre Filmes https://t.co/KM5lXT9EOO,BASTIDORES,FUTEBOL_PROFISSIONAL_MASCULINO,2026-06-18T21:15:39.000Z,434,10,0,0,0,0,0,,,,,,,,NAO,,
8295c3c630956719,2067717903470714900,Sao Paulo,REPLY,@SaoPauloFC Rui bosta já vazou??,Confira as imagens do segundo dia de intertemporada do Tricolor! #VamosSãoPaulo 🇾🇪 🎥 Gutierre Filmes https://t.co/KM5lXT9EOO,BASTIDORES,FUTEBOL_PROFISSIONAL_MASCULINO,2026-06-18T21:15:39.000Z,434,10,0,0,0,0,0,,,,,,,,NAO,,
d14f4356f4f4af19,2067717903470714900,Sao Paulo,REPLY,"@SaoPauloFC Frouxos, Covardes e Vagabundos",Confira as imagens do segundo dia de intertemporada do Tricolor! #VamosSãoPaulo 🇾🇪 🎥 Gutierre Filmes https://t.co/KM5lXT9EOO,BASTIDORES,FUTEBOL_PROFISSIONAL_MASCULINO,2026-06-18T21:15:39.000Z,434,10,0,0,0,0,0,,,,,,,,NAO,,
253b9d8aa7096772,2067950153797935488,Sao Paulo,QUOTE,"Bobadilha joga às 00H também filho, vai postar nada pq? https://t.co/UKQIDaaO3P","🇧🇷 Hoje é dia de Brasil na Copa! 🔜 A Seleção Brasileira enfrenta o Haiti, às 21h30 (horário de Brasília), no Estádio da Filadélfia, Estados Unidos, pela segunda rodada do grupo C. 📺 Globo, SBT, Sportv, N Sports, Cazé TV e GE TV Vai, Brasil! #VamosSãoPaulo 🇾🇪 https://t.co/cmNzJn60Uh",OUTRO,OUTRO,2026-06-19T12:38:31.000Z,1240,24,4,0,0,0,0,,,,,,,,NAO,,
555f9adad280e4f9,2067950153797935488,Sao Paulo,QUOTE,🇧🇷 https://t.co/79J78Rkg85,"🇧🇷 Hoje é dia de Brasil na Copa! 🔜 A Seleção Brasileira enfrenta o Haiti, às 21h30 (horário de Brasília), no Estádio da Filadélfia, Estados Unidos, pela segunda rodada do grupo C. 📺 Globo, SBT, Sportv, N Sports, Cazé TV e GE TV Vai, Brasil! #VamosSãoPaulo 🇾🇪 https://t.co/cmNzJn60Uh",OUTRO,OUTRO,2026-06-19T12:38:31.000Z,1240,24,4,0,0,0,0,,,,,,,,NAO,,
0c5178c36e7f0de0,2067950153797935488,Sao Paulo,REPLY,"@SaoPauloFC Olha, o mascote do São Paulo é a cara do presidente do clube. O canela fina tá lá nos EUA ainda?","🇧🇷 Hoje é dia de Brasil na Copa! 🔜 A Seleção Brasileira enfrenta o Haiti, às 21h30 (horário de Brasília), no Estádio da Filadélfia, Estados Unidos, pela segunda rodada do grupo C. 📺 Globo, SBT, Sportv, N Sports, Cazé TV e GE TV Vai, Brasil! #VamosSãoPaulo 🇾🇪 https://t.co/cmNzJn60Uh",OUTRO,OUTRO,2026-06-19T12:38:31.000Z,1240,24,4,0,0,0,0,,,,,,,,NAO,,
00cc06fd8b26a8d0,2067964632363376814,Sao Paulo,QUOTE,Passando vergonha que nem o time https://t.co/kFim19oKfG,"Hoje tem Tricolor na Copa! 🇵🇾 O Paraguai, de Bobadilla, enfrenta a Turquia, às 00h (Brasília), no Estádio da Baía de São Francisco, Estados Unidos, pelo grupo D. 📺 Globo, Sportv, Cazé TV e Globoplay #TricolorNaCopa #VamosSãoPaulo 🇾🇪 https://t.co/4FpXgu6Ag2",PARTIDA,OUTRO,2026-06-19T13:36:03.000Z,1385,179,43,0,0,0,0,,,,,,,,NAO,,
06627615c466c021,2067964632363376814,Sao Paulo,QUOTE,Da última vez q postaram isso… https://t.co/kLFQy1ujHp,"Hoje tem Tricolor na Copa! 🇵🇾 O Paraguai, de Bobadilla, enfrenta a Turquia, às 00h (Brasília), no Estádio da Baía de São Francisco, Estados Unidos, pelo grupo D. 📺 Globo, Sportv, Cazé TV e Globoplay #TricolorNaCopa #VamosSãoPaulo 🇾🇪 https://t.co/4FpXgu6Ag2",PARTIDA,OUTRO,2026-06-19T13:36:03.000Z,1385,179,43,1,0,0,0,,,,,,,,NAO,,
38db202eb5391906,2067964632363376814,Sao Paulo,QUOTE,de novo não DE NOVO NÃO https://t.co/zOTnlzR5Uo,"Hoje tem Tricolor na Copa! 🇵🇾 O Paraguai, de Bobadilla, enfrenta a Turquia, às 00h (Brasília), no Estádio da Baía de São Francisco, Estados Unidos, pelo grupo D. 📺 Globo, Sportv, Cazé TV e Globoplay #TricolorNaCopa #VamosSãoPaulo 🇾🇪 https://t.co/4FpXgu6Ag2",PARTIDA,OUTRO,2026-06-19T13:36:03.000Z,1385,179,43,0,0,0,0,,,,,,,,NAO,,
71e0eb5313855c88,2067964632363376814,Sao Paulo,QUOTE,"Hj a Sofia disse que eu pareço ele, nunca me senti tão honrado https://t.co/971ZVdGuiz","Hoje tem Tricolor na Copa! 🇵🇾 O Paraguai, de Bobadilla, enfrenta a Turquia, às 00h (Brasília), no Estádio da Baía de São Francisco, Estados Unidos, pelo grupo D. 📺 Globo, Sportv, Cazé TV e Globoplay #TricolorNaCopa #VamosSãoPaulo 🇾🇪 https://t.co/4FpXgu6Ag2",PARTIDA,OUTRO,2026-06-19T13:36:03.000Z,1385,179,43,0,0,0,0,,,,,,,,NAO,,
7ebcd15ec1b2b33e,2067964632363376814,Sao Paulo,QUOTE,a não https://t.co/oEaAfjZhgz,"Hoje tem Tricolor na Copa! 🇵🇾 O Paraguai, de Bobadilla, enfrenta a Turquia, às 00h (Brasília), no Estádio da Baía de São Francisco, Estados Unidos, pelo grupo D. 📺 Globo, Sportv, Cazé TV e Globoplay #TricolorNaCopa #VamosSãoPaulo 🇾🇪 https://t.co/4FpXgu6Ag2",PARTIDA,OUTRO,2026-06-19T13:36:03.000Z,1385,179,43,0,0,0,0,,,,,,,,NAO,,
8a14b49844fdbf4a,2067964632363376814,Sao Paulo,QUOTE,Vixeeee.... https://t.co/3Ti3Nb1oMS,"Hoje tem Tricolor na Copa! 🇵🇾 O Paraguai, de Bobadilla, enfrenta a Turquia, às 00h (Brasília), no Estádio da Baía de São Francisco, Estados Unidos, pelo grupo D. 📺 Globo, Sportv, Cazé TV e Globoplay #TricolorNaCopa #VamosSãoPaulo 🇾🇪 https://t.co/4FpXgu6Ag2",PARTIDA,OUTRO,2026-06-19T13:36:03.000Z,1385,179,43,0,0,0,0,,,,,,,,NAO,,
be3c1a2684917afb,2067964632363376814,Sao Paulo,QUOTE,em tons de ameaça https://t.co/djbGtI49MS,"Hoje tem Tricolor na Copa! 🇵🇾 O Paraguai, de Bobadilla, enfrenta a Turquia, às 00h (Brasília), no Estádio da Baía de São Francisco, Estados Unidos, pelo grupo D. 📺 Globo, Sportv, Cazé TV e Globoplay #TricolorNaCopa #VamosSãoPaulo 🇾🇪 https://t.co/4FpXgu6Ag2",PARTIDA,OUTRO,2026-06-19T13:36:03.000Z,1385,179,43,0,0,0,0,,,,,,,,NAO,,
f78857bffc0e4d4d,2067964632363376814,Sao Paulo,QUOTE,Outra zicada... https://t.co/267ROR4lpa,"Hoje tem Tricolor na Copa! 🇵🇾 O Paraguai, de Bobadilla, enfrenta a Turquia, às 00h (Brasília), no Estádio da Baía de São Francisco, Estados Unidos, pelo grupo D. 📺 Globo, Sportv, Cazé TV e Globoplay #TricolorNaCopa #VamosSãoPaulo 🇾🇪 https://t.co/4FpXgu6Ag2",PARTIDA,OUTRO,2026-06-19T13:36:03.000Z,1385,179,43,0,0,0,0,,,,,,,,NAO,,
00443e29f096ca63,2067964632363376814,Sao Paulo,REPLY,@SaoPauloFC Hoje?,"Hoje tem Tricolor na Copa! 🇵🇾 O Paraguai, de Bobadilla, enfrenta a Turquia, às 00h (Brasília), no Estádio da Baía de São Francisco, Estados Unidos, pelo grupo D. 📺 Globo, Sportv, Cazé TV e Globoplay #TricolorNaCopa #VamosSãoPaulo 🇾🇪 https://t.co/4FpXgu6Ag2",PARTIDA,OUTRO,2026-06-19T13:36:03.000Z,1385,179,43,0,0,0,0,,,,,,,,NAO,,
bb9ac12a51ba4963,2067964632363376814,Sao Paulo,REPLY,@SaoPauloFC Se é 00:00 o jogo é amanhã não?,"Hoje tem Tricolor na Copa! 🇵🇾 O Paraguai, de Bobadilla, enfrenta a Turquia, às 00h (Brasília), no Estádio da Baía de São Francisco, Estados Unidos, pelo grupo D. 📺 Globo, Sportv, Cazé TV e Globoplay #TricolorNaCopa #VamosSãoPaulo 🇾🇪 https://t.co/4FpXgu6Ag2",PARTIDA,OUTRO,2026-06-19T13:36:03.000Z,1385,179,43,0,0,0,0,,,,,,,,NAO,,
dbc96d54f0dc1286,2067964632363376814,Sao Paulo,REPLY,"@SaoPauloFC Achei que teria dias de paz com a copa, mas não existe isso na vida atual de torcedo tricolor.","Hoje tem Tricolor na Copa! 🇵🇾 O Paraguai, de Bobadilla, enfrenta a Turquia, às 00h (Brasília), no Estádio da Baía de São Francisco, Estados Unidos, pelo grupo D. 📺 Globo, Sportv, Cazé TV e Globoplay #TricolorNaCopa #VamosSãoPaulo 🇾🇪 https://t.co/4FpXgu6Ag2",PARTIDA,OUTRO,2026-06-19T13:36:03.000Z,1385,179,43,0,0,0,0,,,,,,,,NAO,,
5e42c60d3ef25a32,2067971042996281748,Sao Paulo,REPLY,@SaoPauloFC Parabéns felicidades muita saúde e alegrias que Deus sempre o abençoe.,"🥳 Ronaldão comemora 6️⃣1️⃣ anos! O zagueiro multicampeão disputou 302 jogos e levantou 12 taças pelo clube. Entre as principais conquistas estão as CONMEBOL Libertadores e os Mundiais de 1992 e 1993, além dos Campeonatos Brasileiros de 1986 e 1991. Feliz aniversário, ídolo! 🎉 https://t.co/iH7vle3DjH",OUTRO,INSTITUCIONAL,2026-06-19T14:01:32.000Z,1111,8,0,0,0,0,0,,,,,,,,NAO,,
d203373b4ab59f69,2067971042996281748,Sao Paulo,REPLY,@SaoPauloFC Zagueiro-zagueiro de raiz! Não amolava pra ninguém!,"🥳 Ronaldão comemora 6️⃣1️⃣ anos! O zagueiro multicampeão disputou 302 jogos e levantou 12 taças pelo clube. Entre as principais conquistas estão as CONMEBOL Libertadores e os Mundiais de 1992 e 1993, além dos Campeonatos Brasileiros de 1986 e 1991. Feliz aniversário, ídolo! 🎉 https://t.co/iH7vle3DjH",OUTRO,INSTITUCIONAL,2026-06-19T14:01:32.000Z,1111,8,0,0,0,0,0,,,,,,,,NAO,,
f3aa093ab8d4fa6e,2067971042996281748,Sao Paulo,REPLY,"@SaoPauloFC Naldamãozinhu pros da quebrada e que acompanharam o seu corre desde sempre! Meu Rei, meu Bom, meu consideraaaaado!!! Receba o respeitoso abraço de nossa família! Parabéns pelo Aniversário e muitas felicidades! Equipe FutMuleky ⚽️ 🏟🥅⚽️🍀🙌🙏👍⚽️","🥳 Ronaldão comemora 6️⃣1️⃣ anos! O zagueiro multicampeão disputou 302 jogos e levantou 12 taças pelo clube. Entre as principais conquistas estão as CONMEBOL Libertadores e os Mundiais de 1992 e 1993, além dos Campeonatos Brasileiros de 1986 e 1991. Feliz aniversário, ídolo! 🎉 https://t.co/iH7vle3DjH",OUTRO,INSTITUCIONAL,2026-06-19T14:01:32.000Z,1111,8,0,0,0,0,0,,,,,,,,NAO,,
fe8277caf4c5e459,2067971042996281748,Sao Paulo,REPLY,@SaoPauloFC 👍,"🥳 Ronaldão comemora 6️⃣1️⃣ anos! O zagueiro multicampeão disputou 302 jogos e levantou 12 taças pelo clube. Entre as principais conquistas estão as CONMEBOL Libertadores e os Mundiais de 1992 e 1993, além dos Campeonatos Brasileiros de 1986 e 1991. Feliz aniversário, ídolo! 🎉 https://t.co/iH7vle3DjH",OUTRO,INSTITUCIONAL,2026-06-19T14:01:32.000Z,1111,8,0,0,0,0,0,,,,,,,,NAO,,
feb8449929c12bfb,2067985794845876353,Sao Paulo,REPLY,@SaoPauloFC Esse clube no estado atual não me representa. Só tem amador nessa gestão.,A jaqueta casual SPFC é perfeita para quem quer representar o clube no dia a dia sem abrir mão da elegância e praticidade. Acesse a SAO Store e adquira a sua agora mesmo! https://t.co/FNvnXLPjnn https://t.co/Z0oAEcq7Hg,PRODUTO_CAMISA,PRODUTO_OFICIAL,2026-06-19T15:00:09.000Z,350,5,0,1,0,0,0,,,,,,,,NAO,,
1ba7c7d02205c4f6,2068014690395926853,Sao Paulo,QUOTE,https://t.co/EpjxX1MQZi https://t.co/I8GWlN3fw9,Manhã de avaliações físicas no SuperCT! #VamosSãoPaulo 🇾🇪 📸 Erico Leonan / São Paulo FC https://t.co/xEQATMEern,OUTRO,OUTRO,2026-06-19T16:54:58.000Z,554,3,1,0,0,0,0,,,,,,,,NAO,,
bd0feac1e7a8bed8,2068014690395926853,Sao Paulo,REPLY,@SaoPauloFC Toloi fazendo linha de impedimento com cara de cansado?,Manhã de avaliações físicas no SuperCT! #VamosSãoPaulo 🇾🇪 📸 Erico Leonan / São Paulo FC https://t.co/xEQATMEern,OUTRO,OUTRO,2026-06-19T16:54:58.000Z,554,3,1,0,1,0,0,,,,,,,,NAO,,
5b7017e1d9f686aa,2068039523435479045,Sao Paulo,QUOTE,aquele amigo que faz tudo ser sobre ele https://t.co/ve6TVmYpaw,"🏴󠁧󠁢󠁳󠁣󠁴󠁿🇲🇦 O Arquivo Histórico relembra a única vez que o São Paulo visitou o continente africano. Foi para a disputa do Torneio Mohammed V em Casablanca, Marrocos, adversário da Escócia hoje, pela Copa. Mais informações: https://t.co/5l5L3ddGzD #SPFCpédia #MemóriaTricolor https://t.co/L1IXSfB5ZW",OUTRO,OUTRO,2026-06-19T18:33:39.000Z,452,4,1,0,0,0,0,,,,,,,,NAO,,
228a05f0a3faceab,2068039523435479045,Sao Paulo,REPLY,"@SaoPauloFC Por falar em africano, vai contratar o gabonês Lemina?","🏴󠁧󠁢󠁳󠁣󠁴󠁿🇲🇦 O Arquivo Histórico relembra a única vez que o São Paulo visitou o continente africano. Foi para a disputa do Torneio Mohammed V em Casablanca, Marrocos, adversário da Escócia hoje, pela Copa. Mais informações: https://t.co/5l5L3ddGzD #SPFCpédia #MemóriaTricolor https://t.co/L1IXSfB5ZW",OUTRO,OUTRO,2026-06-19T18:33:39.000Z,452,4,1,1,0,0,0,,,,,,,,NAO,,
381ebe71659b9efc,2068039523435479045,Sao Paulo,REPLY,@SaoPauloFC Informação @_andreyray,"🏴󠁧󠁢󠁳󠁣󠁴󠁿🇲🇦 O Arquivo Histórico relembra a única vez que o São Paulo visitou o continente africano. Foi para a disputa do Torneio Mohammed V em Casablanca, Marrocos, adversário da Escócia hoje, pela Copa. Mais informações: https://t.co/5l5L3ddGzD #SPFCpédia #MemóriaTricolor https://t.co/L1IXSfB5ZW",OUTRO,OUTRO,2026-06-19T18:33:39.000Z,452,4,1,0,0,0,0,,,,,,,,NAO,,
da5b5d372d4a77c9,2068046185240436946,Sao Paulo,QUOTE,Como não vi isso 😭😢 https://t.co/7ynNempIdy,"Quando a seleção entra em campo, a torcida Tricolor joga junto e o brinde é garantido: comprando 12 Brahmas no Zé Delivery, você só paga 6 e o pedido chega trincando na sua casa. E não para por aí: o apoio pro jogo também vira investimento na S.A.B. do São Paulo. PRA CIMA DELES! https://t.co/x1t4MIz750",OUTRO,OUTRO,2026-06-19T19:00:07.000Z,152,4,1,0,0,0,0,,,,,,,,NAO,,
f81f5a0aabc2d1cb,2068053883142725853,Sao Paulo,REPLY,@SaoPauloFC Sumam com Julio Baptista ele é tenebroso,"🔜 Amanhã tem Tricolor Sub-20 em Cotia! O São Paulo recebe o Flamengo, no CFA Laudo Natel, pela 17ª rodada do Brasileiro da categoria. A partida terá transmissão do UOL e entrada gratuita aos torcedores. Saiba mais: https://t.co/Q1rKX7dCxU 📸 Victor Wajnsztejn / São Paulo FC https://t.co/5zKmg9YoOO",BASE,CATEGORIA_BASE,2026-06-19T19:30:42.000Z,250,3,0,0,0,0,0,,,,,,,,NAO,,
d79a99616cebb20a,2068098023473688676,Sao Paulo,QUOTE,aí não acredito que voltou https://t.co/gBuPtnpUui,⚽️ Acompanhe as informações do terceiro dia de treinos do Tricolor! #VamosSãoPaulo 🇾🇪 🎥 Gutierre Filmes https://t.co/KhEtJU7bBa,BASTIDORES,FUTEBOL_PROFISSIONAL_MASCULINO,2026-06-19T22:26:06.000Z,380,5,1,0,0,0,0,,,,,,,,NAO,,
0b9d3d875ff9e5fe,2068098023473688676,Sao Paulo,REPLY,"@SaoPauloFC Treina aí e não posta nada não cara, deixar de ver esses bostas aí está muito bom",⚽️ Acompanhe as informações do terceiro dia de treinos do Tricolor! #VamosSãoPaulo 🇾🇪 🎥 Gutierre Filmes https://t.co/KhEtJU7bBa,BASTIDORES,FUTEBOL_PROFISSIONAL_MASCULINO,2026-06-19T22:26:06.000Z,380,5,1,0,0,0,0,,,,,,,,NAO,,
82c95d686dbd0f48,2068098023473688676,Sao Paulo,REPLY,@SaoPauloFC Deixa a gente em paz pelo menos durante a Copa irmão,⚽️ Acompanhe as informações do terceiro dia de treinos do Tricolor! #VamosSãoPaulo 🇾🇪 🎥 Gutierre Filmes https://t.co/KhEtJU7bBa,BASTIDORES,FUTEBOL_PROFISSIONAL_MASCULINO,2026-06-19T22:26:06.000Z,380,5,1,0,0,0,0,,,,,,,,NAO,,
784c83c4c6ff0338,2068318100370391422,Sao Paulo,REPLY,@SaoPauloFC Que DESGOSTO!! Que molecada RUIM do krl slc 👎,Hoje é dia de Sub-20 em Cotia! 🆚 Flamengo 🏆 Brasileiro Sub-20 (17ª rodada) ⏰ 15h 🏟️ CFA Laudo Natel 📺 UOL #MadeInCotia #VamosSãoPaulo 🇾🇪 https://t.co/8urKW0Eg4n,BASE,CATEGORIA_BASE,2026-06-20T13:00:37.000Z,198,6,0,0,0,0,0,,,,,,,,NAO,,
8b82df29c85f0eba,2068318100370391422,Sao Paulo,REPLY,"@SaoPauloFC Outra surra dentro de ""casa"" Não tem mais nada que preste nesse clube de merda",Hoje é dia de Sub-20 em Cotia! 🆚 Flamengo 🏆 Brasileiro Sub-20 (17ª rodada) ⏰ 15h 🏟️ CFA Laudo Natel 📺 UOL #MadeInCotia #VamosSãoPaulo 🇾🇪 https://t.co/8urKW0Eg4n,BASE,CATEGORIA_BASE,2026-06-20T13:00:37.000Z,198,6,0,1,0,0,0,,,,,,,,NAO,,
20731c0bd9f6ffc4,2068333022789673053,Sao Paulo,REPLY,@SaoPauloFC Campeão do mundo,"🎉 Hoje é aniversário de um dos grandes laterais da nossa história! Junior completa 5️⃣3️⃣ anos! Pelo São Paulo, o defensor fez 198 jogos e conquistou seis títulos: Paulistão, CONMEBOL Libertadores e Mundial em 2005 e o tricampeonato brasileiro em 2006, 2007 e 2008. Parabéns e https://t.co/fp8h03iGjE",OUTRO,INSTITUCIONAL,2026-06-20T13:59:55.000Z,1719,16,1,0,0,0,0,,,,,,,,NAO,,
478b72c397557c12,2068333022789673053,Sao Paulo,REPLY,"@SaoPauloFC Um dos maiores que vi, e o último que prestou que vestiu nossa camisa.","🎉 Hoje é aniversário de um dos grandes laterais da nossa história! Junior completa 5️⃣3️⃣ anos! Pelo São Paulo, o defensor fez 198 jogos e conquistou seis títulos: Paulistão, CONMEBOL Libertadores e Mundial em 2005 e o tricampeonato brasileiro em 2006, 2007 e 2008. Parabéns e https://t.co/fp8h03iGjE",OUTRO,INSTITUCIONAL,2026-06-20T13:59:55.000Z,1719,16,1,0,0,0,0,,,,,,,,NAO,,
5afadbfaf57c3faa,2068333022789673053,Sao Paulo,REPLY,@SaoPauloFC Esse jogou demais,"🎉 Hoje é aniversário de um dos grandes laterais da nossa história! Junior completa 5️⃣3️⃣ anos! Pelo São Paulo, o defensor fez 198 jogos e conquistou seis títulos: Paulistão, CONMEBOL Libertadores e Mundial em 2005 e o tricampeonato brasileiro em 2006, 2007 e 2008. Parabéns e https://t.co/fp8h03iGjE",OUTRO,INSTITUCIONAL,2026-06-20T13:59:55.000Z,1719,16,1,0,0,0,0,,,,,,,,NAO,,
8e7464691e9b5fcb,2068333022789673053,Sao Paulo,REPLY,"@SaoPauloFC Fera demais, tive a honra de ver jogador! 👏👏👏👏👏👏👏","🎉 Hoje é aniversário de um dos grandes laterais da nossa história! Junior completa 5️⃣3️⃣ anos! Pelo São Paulo, o defensor fez 198 jogos e conquistou seis títulos: Paulistão, CONMEBOL Libertadores e Mundial em 2005 e o tricampeonato brasileiro em 2006, 2007 e 2008. Parabéns e https://t.co/fp8h03iGjE",OUTRO,INSTITUCIONAL,2026-06-20T13:59:55.000Z,1719,16,1,0,0,0,0,,,,,,,,NAO,,
5dc59800f21742fe,2068347767659925761,Sao Paulo,QUOTE,ジーコに比べてオスカーがマリノスの前身である日産自動車に移籍して日本サッカー強化に貢献したと余り知られていないのは悲劇だと思うな。 https://t.co/EmZdvFia9Y,"🥳 Hoje celebramos os 7️⃣2️⃣ anos de Oscar! Um dos grandes líderes da história são-paulina, o zagueiro disputou 293 jogos e levantou as taças do Brasileiro de 1986 e dos Paulistas de 1980, 1981, 1985 e 1987. Feliz aniversário! 🎉 #SPFCpédia #VamosSãoPaulo 🇾🇪 https://t.co/UTFRX5lPln",OUTRO,INSTITUCIONAL,2026-06-20T14:58:30.000Z,1078,6,2,0,0,0,0,,,,,,,,NAO,,
d8c4810ca03d1db4,2068355366706917862,Sao Paulo,QUOTE,E penta com a seleção em 2002 como jogador do SPFC. https://t.co/8HIBEyImU1,"🥳 Feliz aniversário, Belletti! O ex-lateral celebra 5️⃣0️⃣ anos! Foram 207 jogos pelo Tricolor, com os títulos do Paulista de 2000 e do Torneio Rio-São Paulo 2001. Entre 2022 e 2023, Belletti foi treinador da nossa equipe Sub-20. Parabéns! 🎉 #SPFCpédia #VamosSãoPaulo 🇾🇪 https://t.co/uwJgEPfzJB",BASE,CATEGORIA_BASE,2026-06-20T15:28:42.000Z,815,5,1,1,0,0,0,,,,,,,,NAO,,
0530d33cfdb24367,2068374942886854926,Sao Paulo,QUOTE,https://t.co/QqAekH0vwK https://t.co/7KiVvKjwQI,Sábado de treino no SuperCT! #VamosSãoPaulo 🇾🇪 📸 Erico Leonan / São Paulo FC https://t.co/NsiK7jCwOo,BASTIDORES,FUTEBOL_PROFISSIONAL_MASCULINO,2026-06-20T16:46:29.000Z,647,8,1,1,0,0,0,,,,,,,,NAO,,
040b328e7c7a9f82,2068374942886854926,Sao Paulo,REPLY,@SaoPauloFC Eu tinha me esquecido do Cauly.,Sábado de treino no SuperCT! #VamosSãoPaulo 🇾🇪 📸 Erico Leonan / São Paulo FC https://t.co/NsiK7jCwOo,BASTIDORES,FUTEBOL_PROFISSIONAL_MASCULINO,2026-06-20T16:46:29.000Z,647,8,1,0,0,0,0,,,,,,,,NAO,,
4b2700aefb1453fe,2068374942886854926,Sao Paulo,REPLY,@SaoPauloFC E os reforços pra zaga? Já mandaram o Ruim Encosto embora?,Sábado de treino no SuperCT! #VamosSãoPaulo 🇾🇪 📸 Erico Leonan / São Paulo FC https://t.co/NsiK7jCwOo,BASTIDORES,FUTEBOL_PROFISSIONAL_MASCULINO,2026-06-20T16:46:29.000Z,647,8,1,1,1,0,0,,,,,,,,NAO,,
6e316afaf8b0658f,2068374942886854926,Sao Paulo,REPLY,"@SaoPauloFC luciano e calleri fininhos... incrivel como o dorival melhora o fisico desses caras, 2023 foi assim tambem da pra buscar essa sula",Sábado de treino no SuperCT! #VamosSãoPaulo 🇾🇪 📸 Erico Leonan / São Paulo FC https://t.co/NsiK7jCwOo,BASTIDORES,FUTEBOL_PROFISSIONAL_MASCULINO,2026-06-20T16:46:29.000Z,647,8,1,2,0,0,0,,,,,,,,NAO,,
89415a7d8ae13f76,2068374942886854926,Sao Paulo,REPLY,"@SaoPauloFC Cade os reforços? Precisamos de 2 zagueiros, 1 volante, 1 meia, 2 pontas e 1 centroavante! Senao pode escrever que a briga sera por rebaixamento",Sábado de treino no SuperCT! #VamosSãoPaulo 🇾🇪 📸 Erico Leonan / São Paulo FC https://t.co/NsiK7jCwOo,BASTIDORES,FUTEBOL_PROFISSIONAL_MASCULINO,2026-06-20T16:46:29.000Z,647,8,1,0,0,0,0,,,,,,,,NAO,,
cfbf1bcdda3684bf,2068374942886854926,Sao Paulo,REPLY,@SaoPauloFC 🤨🤨🤨,Sábado de treino no SuperCT! #VamosSãoPaulo 🇾🇪 📸 Erico Leonan / São Paulo FC https://t.co/NsiK7jCwOo,BASTIDORES,FUTEBOL_PROFISSIONAL_MASCULINO,2026-06-20T16:46:29.000Z,647,8,1,0,0,0,0,,,,,,,,NAO,,
61c727b8c3dd79a1,2068386091242045450,Sao Paulo,REPLY,@SaoPauloFC E o Ryan?,"Brasileiro Sub-20: Tricolor escalado para enfrentar o Flamengo, às 15h, no CFA Laudo Natel, em Cotia (SP)! 📺 UOL #MadeInCotia #VamosSãoPaulo 🇾🇪 https://t.co/Tch9sasYBG",ESCALACAO,CATEGORIA_BASE,2026-06-20T17:30:47.000Z,76,4,1,0,1,0,0,,,,,,,,NAO,,
1a0fdc2f40398b73,2068407133750612326,Sao Paulo,QUOTE,Bum bum bum bum bum bum!!! https://t.co/YoI3ah1To1,"O São Paulo Futebol Clube comunica o desligamento do executivo de futebol Rui Costa, que estava no cargo desde 2021. O clube agradece ao profissional pelos anos de dedicação e deseja êxitos na sequência de sua carreira. https://t.co/I5g0oTSck7",OUTRO,OUTRO,2026-06-20T18:54:24.000Z,17872,1745,1357,0,0,0,0,,,,,,,,NAO,,
20219326d05af569,2068407133750612326,Sao Paulo,QUOTE,https://t.co/BhQHeHgI2w https://t.co/Iq4qKd3gbu,"O São Paulo Futebol Clube comunica o desligamento do executivo de futebol Rui Costa, que estava no cargo desde 2021. O clube agradece ao profissional pelos anos de dedicação e deseja êxitos na sequência de sua carreira. https://t.co/I5g0oTSck7",OUTRO,OUTRO,2026-06-20T18:54:24.000Z,17872,1745,1357,0,0,0,0,,,,,,,,NAO,,
3310b18233ebeddc,2068407133750612326,Sao Paulo,QUOTE,https://t.co/UFd3Cu7jQH https://t.co/zOkr2ueqiT,"O São Paulo Futebol Clube comunica o desligamento do executivo de futebol Rui Costa, que estava no cargo desde 2021. O clube agradece ao profissional pelos anos de dedicação e deseja êxitos na sequência de sua carreira. https://t.co/I5g0oTSck7",OUTRO,OUTRO,2026-06-20T18:54:24.000Z,17872,1745,1357,0,0,0,0,,,,,,,,NAO,,
7a74d44840792714,2068407133750612326,Sao Paulo,QUOTE,"🎉🎉🎉🎉🎉🎉🎉🎉🎉👏👏👏👏👏👏🙌🙌🙌🙌🙌🙌🙌🙌 achei que isso nunca ia acontecer, que felicidade https://t.co/1uxeNqNmhe","O São Paulo Futebol Clube comunica o desligamento do executivo de futebol Rui Costa, que estava no cargo desde 2021. O clube agradece ao profissional pelos anos de dedicação e deseja êxitos na sequência de sua carreira. https://t.co/I5g0oTSck7",OUTRO,OUTRO,2026-06-20T18:54:24.000Z,17872,1745,1357,0,0,0,0,,,,,,,,NAO,,
a24196d5ee5f4f5f,2068407133750612326,Sao Paulo,QUOTE,🎉🎉🎉🎉🎉🎉🎉🎆🎆🎆🎆🎆🎇🎇🎇🎇🎇🎇🧨🧨🧨🧨🧨💥💥💥💥💥💥🔥🔥🔥🔥🔥🔥🥳🥳🥳🥳🥳🍾🍾🍾🍾🍾🎊🎊🎊🎊🎊🎈🎈🎈🎈🎈🎈🎈 https://t.co/wUjYp6EE1U,"O São Paulo Futebol Clube comunica o desligamento do executivo de futebol Rui Costa, que estava no cargo desde 2021. O clube agradece ao profissional pelos anos de dedicação e deseja êxitos na sequência de sua carreira. https://t.co/I5g0oTSck7",OUTRO,OUTRO,2026-06-20T18:54:24.000Z,17872,1745,1357,0,0,0,0,,,,,,,,NAO,,
a89d2fa43601b6d3,2068407133750612326,Sao Paulo,QUOTE,Deus é bom o tempo todo https://t.co/aZzG0EI37m,"O São Paulo Futebol Clube comunica o desligamento do executivo de futebol Rui Costa, que estava no cargo desde 2021. O clube agradece ao profissional pelos anos de dedicação e deseja êxitos na sequência de sua carreira. https://t.co/I5g0oTSck7",OUTRO,OUTRO,2026-06-20T18:54:24.000Z,17872,1745,1357,0,0,0,0,,,,,,,,NAO,,
d284bb7bdd409e15,2068407133750612326,Sao Paulo,QUOTE,GLÓRIA DEUS 🙏 https://t.co/PAdFJLGLfn,"O São Paulo Futebol Clube comunica o desligamento do executivo de futebol Rui Costa, que estava no cargo desde 2021. O clube agradece ao profissional pelos anos de dedicação e deseja êxitos na sequência de sua carreira. https://t.co/I5g0oTSck7",OUTRO,OUTRO,2026-06-20T18:54:24.000Z,17872,1745,1357,0,0,0,0,,,,,,,,NAO,,
3f9c097ac24bd283,2068407133750612326,Sao Paulo,REPLY,@SaoPauloFC Aleluia melhor notícia da copa !,"O São Paulo Futebol Clube comunica o desligamento do executivo de futebol Rui Costa, que estava no cargo desde 2021. O clube agradece ao profissional pelos anos de dedicação e deseja êxitos na sequência de sua carreira. https://t.co/I5g0oTSck7",OUTRO,OUTRO,2026-06-20T18:54:24.000Z,17872,1745,1357,0,0,0,0,,,,,,,,NAO,,
b90eaa94f7a1b5f7,2068407133750612326,Sao Paulo,REPLY,"@SaoPauloFC Vai com Deus 🙏🏾, antes tarde do q nunca!!!","O São Paulo Futebol Clube comunica o desligamento do executivo de futebol Rui Costa, que estava no cargo desde 2021. O clube agradece ao profissional pelos anos de dedicação e deseja êxitos na sequência de sua carreira. https://t.co/I5g0oTSck7",OUTRO,OUTRO,2026-06-20T18:54:24.000Z,17872,1745,1357,0,0,0,0,,,,,,,,NAO,,
25864c053a49d5c5,2068434321770152091,Sao Paulo,QUOTE,Uma dessas uma calça preta e um nb branco e partiu Morumbi https://t.co/RI9yc4l5Cv,"A Camisa Torcedor da Cápsula Tricolor combina design exclusivo, personalidade e toda a tradição do clube em cada detalhe. Corra para a SAO Store e garanta a sua antes que acabe! https://t.co/B5L6UKbU8u https://t.co/B29RffPPeL",PRODUTO_CAMISA,PRODUTO_OFICIAL,2026-06-20T20:42:26.000Z,525,12,5,0,0,0,0,,,,,,,,NAO,,
7962ce5a93824c82,2068434321770152091,Sao Paulo,QUOTE,400 reais 💔 https://t.co/kGkqFGgxlB,"A Camisa Torcedor da Cápsula Tricolor combina design exclusivo, personalidade e toda a tradição do clube em cada detalhe. Corra para a SAO Store e garanta a sua antes que acabe! https://t.co/B5L6UKbU8u https://t.co/B29RffPPeL",PRODUTO_CAMISA,PRODUTO_OFICIAL,2026-06-20T20:42:26.000Z,525,12,5,0,0,0,0,,,,,,,,NAO,,
a5b16fee5a95acc1,2068434321770152091,Sao Paulo,QUOTE,que linda mas 400 conto e foda... https://t.co/nFbZA7Zabh,"A Camisa Torcedor da Cápsula Tricolor combina design exclusivo, personalidade e toda a tradição do clube em cada detalhe. Corra para a SAO Store e garanta a sua antes que acabe! https://t.co/B5L6UKbU8u https://t.co/B29RffPPeL",PRODUTO_CAMISA,PRODUTO_OFICIAL,2026-06-20T20:42:26.000Z,525,12,5,0,0,0,0,,,,,,,,NAO,,
c22ee73dacfa29e4,2068434321770152091,Sao Paulo,QUOTE,Já tenho... 🇾🇪🤝 https://t.co/TMGfqBvtjT,"A Camisa Torcedor da Cápsula Tricolor combina design exclusivo, personalidade e toda a tradição do clube em cada detalhe. Corra para a SAO Store e garanta a sua antes que acabe! https://t.co/B5L6UKbU8u https://t.co/B29RffPPeL",PRODUTO_CAMISA,PRODUTO_OFICIAL,2026-06-20T20:42:26.000Z,525,12,5,0,0,0,0,,,,,,,,NAO,,
f84c49f80a8cd3a5,2068434321770152091,Sao Paulo,QUOTE,400 conto vou me matar https://t.co/UT3rrCmUOo,"A Camisa Torcedor da Cápsula Tricolor combina design exclusivo, personalidade e toda a tradição do clube em cada detalhe. Corra para a SAO Store e garanta a sua antes que acabe! https://t.co/B5L6UKbU8u https://t.co/B29RffPPeL",PRODUTO_CAMISA,PRODUTO_OFICIAL,2026-06-20T20:42:26.000Z,525,12,5,0,0,0,0,,,,,,,,NAO,,
15e687e00e5ca5c3,2068434321770152091,Sao Paulo,REPLY,"@SaoPauloFC tão linda, comprei mas ficou muito grande kkkkk isso porque peguei PP","A Camisa Torcedor da Cápsula Tricolor combina design exclusivo, personalidade e toda a tradição do clube em cada detalhe. Corra para a SAO Store e garanta a sua antes que acabe! https://t.co/B5L6UKbU8u https://t.co/B29RffPPeL",PRODUTO_CAMISA,PRODUTO_OFICIAL,2026-06-20T20:42:26.000Z,525,12,5,3,0,0,0,,,,,,,,NAO,,
46fda73bafed85bc,2068434321770152091,Sao Paulo,REPLY,"@SaoPauloFC Obrigado pela demissão do Rui Costa, agora os ares do Murumbis estará mais puro.","A Camisa Torcedor da Cápsula Tricolor combina design exclusivo, personalidade e toda a tradição do clube em cada detalhe. Corra para a SAO Store e garanta a sua antes que acabe! https://t.co/B5L6UKbU8u https://t.co/B29RffPPeL",PRODUTO_CAMISA,PRODUTO_OFICIAL,2026-06-20T20:42:26.000Z,525,12,5,1,0,0,0,,,,,,,,NAO,,
70b4a5667add39d5,2068434321770152091,Sao Paulo,REPLY,"@SaoPauloFC Linda de mais, porém custando 400,00 Janjas Esterlinas é impraticável","A Camisa Torcedor da Cápsula Tricolor combina design exclusivo, personalidade e toda a tradição do clube em cada detalhe. Corra para a SAO Store e garanta a sua antes que acabe! https://t.co/B5L6UKbU8u https://t.co/B29RffPPeL",PRODUTO_CAMISA,PRODUTO_OFICIAL,2026-06-20T20:42:26.000Z,525,12,5,0,0,0,0,,,,,,,,NAO,,
1725ebbdaf1b6d63,2068438842454036688,Sao Paulo,QUOTE,Olha lá o @aspirantesSPFC Maik novamente no CT https://t.co/y9jktgr3xQ https://t.co/fHfGBkeau4,Confira as notícias de mais um dia de treinamentos do São Paulo! #VamosSãoPaulo 🇾🇪 🎥 Gutierre Filmes https://t.co/PR32C755MC,OUTRO,OUTRO,2026-06-20T21:00:24.000Z,539,8,1,21,0,1,0,,,,,,,,NAO,,
12a8d4919188bd5d,2068438842454036688,Sao Paulo,REPLY,"@SaoPauloFC Põe o Luiz Cunha de executivo de futebol, garantia de qualidade.",Confira as notícias de mais um dia de treinamentos do São Paulo! #VamosSãoPaulo 🇾🇪 🎥 Gutierre Filmes https://t.co/PR32C755MC,OUTRO,OUTRO,2026-06-20T21:00:24.000Z,539,8,1,0,0,0,0,,,,,,,,NAO,,
cf11fa5c79318ee2,2068438842454036688,Sao Paulo,REPLY,"@SaoPauloFC Bom treinar muito. SPFC hoje é mais parecido com a Tunísia na Copa do Mundo, rs.",Confira as notícias de mais um dia de treinamentos do São Paulo! #VamosSãoPaulo 🇾🇪 🎥 Gutierre Filmes https://t.co/PR32C755MC,OUTRO,OUTRO,2026-06-20T21:00:24.000Z,539,8,1,4,0,0,0,,,,,,,,NAO,,
0eb0233bd3fa2e4f,2068453846548893803,Sao Paulo,QUOTE,元ネタ知らんかった･･･。 https://t.co/sOQunXXzwx,"🇯🇵🇹🇳 No clima de Japão x Tunísia, o Arquivo Histórico conta a trajetória de Musashi Mizushima, o primeiro jogador japonês a jogar pelo São Paulo e que inspirou a obra Supercampeões, do famoso personagem Oliver Tsubasa. Conheça essa história &gt; https://t.co/EIxHYCQU1e #SPFCpédia https://t.co/c1CQOtTLeO",OUTRO,OUTRO,2026-06-20T22:00:01.000Z,2219,13,7,1,0,0,0,,,,,,,,NAO,,
16d9a0602c2610de,2068453846548893803,Sao Paulo,QUOTE,cinema https://t.co/17O703kEiX,"🇯🇵🇹🇳 No clima de Japão x Tunísia, o Arquivo Histórico conta a trajetória de Musashi Mizushima, o primeiro jogador japonês a jogar pelo São Paulo e que inspirou a obra Supercampeões, do famoso personagem Oliver Tsubasa. Conheça essa história &gt; https://t.co/EIxHYCQU1e #SPFCpédia https://t.co/c1CQOtTLeO",OUTRO,OUTRO,2026-06-20T22:00:01.000Z,2219,13,7,1,0,0,0,,,,,,,,NAO,,
403b7e42d08f84e8,2068453846548893803,Sao Paulo,QUOTE,Por isso eu adoro o Japão fds. https://t.co/ClOqbBl7Eb,"🇯🇵🇹🇳 No clima de Japão x Tunísia, o Arquivo Histórico conta a trajetória de Musashi Mizushima, o primeiro jogador japonês a jogar pelo São Paulo e que inspirou a obra Supercampeões, do famoso personagem Oliver Tsubasa. Conheça essa história &gt; https://t.co/EIxHYCQU1e #SPFCpédia https://t.co/c1CQOtTLeO",OUTRO,OUTRO,2026-06-20T22:00:01.000Z,2219,13,7,0,0,0,0,,,,,,,,NAO,,
47cd7a6a76ed33ca,2068453846548893803,Sao Paulo,QUOTE,🇾🇪 https://t.co/9NFOf5smZR,"🇯🇵🇹🇳 No clima de Japão x Tunísia, o Arquivo Histórico conta a trajetória de Musashi Mizushima, o primeiro jogador japonês a jogar pelo São Paulo e que inspirou a obra Supercampeões, do famoso personagem Oliver Tsubasa. Conheça essa história &gt; https://t.co/EIxHYCQU1e #SPFCpédia https://t.co/c1CQOtTLeO",OUTRO,OUTRO,2026-06-20T22:00:01.000Z,2219,13,7,0,0,0,0,,,,,,,,NAO,,
6b5e5a05b8596b3d,2068453846548893803,Sao Paulo,QUOTE,"Sei ,vamos continuar sabendo 👓🫡❤️🤍🖤 Próxima etapa já sabem,abram a caixa preta da barra funda ! https://t.co/vZbJ1bL9MC","🇯🇵🇹🇳 No clima de Japão x Tunísia, o Arquivo Histórico conta a trajetória de Musashi Mizushima, o primeiro jogador japonês a jogar pelo São Paulo e que inspirou a obra Supercampeões, do famoso personagem Oliver Tsubasa. Conheça essa história &gt; https://t.co/EIxHYCQU1e #SPFCpédia https://t.co/c1CQOtTLeO",OUTRO,OUTRO,2026-06-20T22:00:01.000Z,2219,13,7,0,0,0,0,,,,,,,,NAO,,
9dbaec0f7d9ef514,2068453846548893803,Sao Paulo,QUOTE,Não tem jeitooooo São Paulo Futebol Clube https://t.co/YambRBdNry,"🇯🇵🇹🇳 No clima de Japão x Tunísia, o Arquivo Histórico conta a trajetória de Musashi Mizushima, o primeiro jogador japonês a jogar pelo São Paulo e que inspirou a obra Supercampeões, do famoso personagem Oliver Tsubasa. Conheça essa história &gt; https://t.co/EIxHYCQU1e #SPFCpédia https://t.co/c1CQOtTLeO",OUTRO,OUTRO,2026-06-20T22:00:01.000Z,2219,13,7,50,0,2,0,,,,,,,,NAO,,
2d243504a633a4f0,2068453846548893803,Sao Paulo,REPLY,"@SaoPauloFC O @SaoPauloFC tem que buscar uma parceria, para que o nome e uniforme do clube, sejam utilizados por Captain Tsubasa, já que é uma obra feita com inspiração exatamente no M. Mizushima. E isso seria uma ótima divulgação do nosso clube pelo mundo, visto o grande alcance da obra!","🇯🇵🇹🇳 No clima de Japão x Tunísia, o Arquivo Histórico conta a trajetória de Musashi Mizushima, o primeiro jogador japonês a jogar pelo São Paulo e que inspirou a obra Supercampeões, do famoso personagem Oliver Tsubasa. Conheça essa história &gt; https://t.co/EIxHYCQU1e #SPFCpédia https://t.co/c1CQOtTLeO",OUTRO,OUTRO,2026-06-20T22:00:01.000Z,2219,13,7,8,0,0,0,,,,,,,,NAO,,
60dca3805cf363b6,2068453846548893803,Sao Paulo,REPLY,"@SaoPauloFC Uma puta história legal que nunca vocês fazem nada para homenagear, uma coleção com o super campeões ou algo do tipo. Bizarro. Só um postzinho é piada... marketing muito fraco.","🇯🇵🇹🇳 No clima de Japão x Tunísia, o Arquivo Histórico conta a trajetória de Musashi Mizushima, o primeiro jogador japonês a jogar pelo São Paulo e que inspirou a obra Supercampeões, do famoso personagem Oliver Tsubasa. Conheça essa história &gt; https://t.co/EIxHYCQU1e #SPFCpédia https://t.co/c1CQOtTLeO",OUTRO,OUTRO,2026-06-20T22:00:01.000Z,2219,13,7,9,1,0,0,,,,,,,,NAO,,
c6a35327aa62125e,2068453846548893803,Sao Paulo,REPLY,"@SaoPauloFC Por causa dele também, a Mizuno criou a chuteira Morelia com as cores do SPFC.","🇯🇵🇹🇳 No clima de Japão x Tunísia, o Arquivo Histórico conta a trajetória de Musashi Mizushima, o primeiro jogador japonês a jogar pelo São Paulo e que inspirou a obra Supercampeões, do famoso personagem Oliver Tsubasa. Conheça essa história &gt; https://t.co/EIxHYCQU1e #SPFCpédia https://t.co/c1CQOtTLeO",OUTRO,OUTRO,2026-06-20T22:00:01.000Z,2219,13,7,6,0,0,0,,,,,,,,NAO,,
cce95eaf28c10d36,2068453846548893803,Sao Paulo,REPLY,@SaoPauloFC NUNCA SERÁ https://t.co/7yqQpth2zX,"🇯🇵🇹🇳 No clima de Japão x Tunísia, o Arquivo Histórico conta a trajetória de Musashi Mizushima, o primeiro jogador japonês a jogar pelo São Paulo e que inspirou a obra Supercampeões, do famoso personagem Oliver Tsubasa. Conheça essa história &gt; https://t.co/EIxHYCQU1e #SPFCpédia https://t.co/c1CQOtTLeO",OUTRO,OUTRO,2026-06-20T22:00:01.000Z,2219,13,7,0,0,0,0,,,,,,,,NAO,,
e5cc7430a242365b,2068453846548893803,Sao Paulo,REPLY,@SaoPauloFC Procurem e contratem outro japonês. De preferência para a base.,"🇯🇵🇹🇳 No clima de Japão x Tunísia, o Arquivo Histórico conta a trajetória de Musashi Mizushima, o primeiro jogador japonês a jogar pelo São Paulo e que inspirou a obra Supercampeões, do famoso personagem Oliver Tsubasa. Conheça essa história &gt; https://t.co/EIxHYCQU1e #SPFCpédia https://t.co/c1CQOtTLeO",OUTRO,OUTRO,2026-06-20T22:00:01.000Z,2219,13,7,1,0,0,0,,,,,,,,NAO,,
0dd63cb0ec8d1e33,2068681273493672042,Sao Paulo,QUOTE,alan franco todos https://t.co/cvlIPaQ6SI,"Os 3️⃣ melhores jogadores da sua posição na Copa com Rafael, Alan Franco, Artur e Calleri. #VamosSãoPaulo 🇾🇪 https://t.co/WiAPF8OtqF",OUTRO,OUTRO,2026-06-21T13:03:44.000Z,786,24,15,0,0,0,0,,,,,,,,NAO,,
1d72b9a7c7ee1d42,2068681273493672042,Sao Paulo,QUOTE,Só leigo pqp https://t.co/rDunQdaiyv,"Os 3️⃣ melhores jogadores da sua posição na Copa com Rafael, Alan Franco, Artur e Calleri. #VamosSãoPaulo 🇾🇪 https://t.co/WiAPF8OtqF",OUTRO,OUTRO,2026-06-21T13:03:44.000Z,786,24,15,0,0,0,0,,,,,,,,NAO,,
3ce74ec113f0d2b7,2068681273493672042,Sao Paulo,QUOTE,Otamendi e Marquinhos. por favor me trate sério https://t.co/COR6MkRpDa,"Os 3️⃣ melhores jogadores da sua posição na Copa com Rafael, Alan Franco, Artur e Calleri. #VamosSãoPaulo 🇾🇪 https://t.co/WiAPF8OtqF",OUTRO,OUTRO,2026-06-21T13:03:44.000Z,786,24,15,6,3,0,0,,,,,,,,NAO,,
8e96d49b36df2cdf,2068681273493672042,Sao Paulo,QUOTE,ele falando alisson como se a gente não fosse perceber https://t.co/JJ9lZdqGAm,"Os 3️⃣ melhores jogadores da sua posição na Copa com Rafael, Alan Franco, Artur e Calleri. #VamosSãoPaulo 🇾🇪 https://t.co/WiAPF8OtqF",OUTRO,OUTRO,2026-06-21T13:03:44.000Z,786,24,15,0,0,0,0,,,,,,,,NAO,,
c34460a06ce8456a,2068681273493672042,Sao Paulo,QUOTE,todos mentiram e o alan franco não entende nada de futebol https://t.co/ZJ86S5M470,"Os 3️⃣ melhores jogadores da sua posição na Copa com Rafael, Alan Franco, Artur e Calleri. #VamosSãoPaulo 🇾🇪 https://t.co/WiAPF8OtqF",OUTRO,OUTRO,2026-06-21T13:03:44.000Z,786,24,15,6,0,0,0,,,,,,,,NAO,,
eb4bf5fa6086c2fc,2068681273493672042,Sao Paulo,QUOTE,Alguém mostra uns vídeo do Ceni pro Rafael… https://t.co/5262h5qadg,"Os 3️⃣ melhores jogadores da sua posição na Copa com Rafael, Alan Franco, Artur e Calleri. #VamosSãoPaulo 🇾🇪 https://t.co/WiAPF8OtqF",OUTRO,OUTRO,2026-06-21T13:03:44.000Z,786,24,15,0,0,0,0,,,,,,,,NAO,,
fac2e0712b117f94,2068681273493672042,Sao Paulo,QUOTE,calleri você sabe https://t.co/qrZ1cWZlGS https://t.co/2RYvVm3meh,"Os 3️⃣ melhores jogadores da sua posição na Copa com Rafael, Alan Franco, Artur e Calleri. #VamosSãoPaulo 🇾🇪 https://t.co/WiAPF8OtqF",OUTRO,OUTRO,2026-06-21T13:03:44.000Z,786,24,15,0,0,0,0,,,,,,,,NAO,,
4c9f71805597ade7,2068681273493672042,Sao Paulo,REPLY,"@SaoPauloFC Alan FRACO horrivel de merda podia sumir do sp tbm , zagueiro fraco que n ganha uma dividida , jogadorzinho medonho","Os 3️⃣ melhores jogadores da sua posição na Copa com Rafael, Alan Franco, Artur e Calleri. #VamosSãoPaulo 🇾🇪 https://t.co/WiAPF8OtqF",OUTRO,OUTRO,2026-06-21T13:03:44.000Z,786,24,15,0,0,0,0,,,,,,,,NAO,,
562daafef73f135c,2068681273493672042,Sao Paulo,REPLY,"@SaoPauloFC Rogério ceni mudou a posição, Rafael chama gol","Os 3️⃣ melhores jogadores da sua posição na Copa com Rafael, Alan Franco, Artur e Calleri. #VamosSãoPaulo 🇾🇪 https://t.co/WiAPF8OtqF",OUTRO,OUTRO,2026-06-21T13:03:44.000Z,786,24,15,0,0,0,0,,,,,,,,NAO,,
65b834faae9df3c0,2068681273493672042,Sao Paulo,REPLY,"@SaoPauloFC Falaram os melhores do país, não dá posição de fato","Os 3️⃣ melhores jogadores da sua posição na Copa com Rafael, Alan Franco, Artur e Calleri. #VamosSãoPaulo 🇾🇪 https://t.co/WiAPF8OtqF",OUTRO,OUTRO,2026-06-21T13:03:44.000Z,786,24,15,0,0,0,0,,,,,,,,NAO,,
1cdf0d391971931f,2068695603400335778,Sao Paulo,QUOTE,"Até o Rivelino é são-paulino, tá louco @KarenBlixenSPFC @francisco_sccp https://t.co/8he6rY2w1Y","🇪🇸🇸🇦 A Arábia Saudita é a seleção que o São Paulo enfrentou mais vezes até hoje: foram quatro partidas - e, em uma delas, o Tricolor contou com uma participação especial. Saiba mais &gt; https://t.co/gNDD3Dg6ub #SPFCpédia #MemóriaTricolor 🇾🇪 https://t.co/4XRiDNcKFk",OUTRO,OUTRO,2026-06-21T14:00:41.000Z,2348,21,12,3,1,0,0,,,,,,,,NAO,,
353e8c645ede3e4a,2068695603400335778,Sao Paulo,QUOTE,?????????? Eu não fazia ideia disso aqui. https://t.co/5hSrSMD3xc https://t.co/2eZe4V9dwI,"🇪🇸🇸🇦 A Arábia Saudita é a seleção que o São Paulo enfrentou mais vezes até hoje: foram quatro partidas - e, em uma delas, o Tricolor contou com uma participação especial. Saiba mais &gt; https://t.co/gNDD3Dg6ub #SPFCpédia #MemóriaTricolor 🇾🇪 https://t.co/4XRiDNcKFk",OUTRO,OUTRO,2026-06-21T14:00:41.000Z,2348,21,12,4,0,0,1,,,,,,,,NAO,,
6b6c603de34ec8aa,2068695603400335778,Sao Paulo,QUOTE,"Eu tenho uma pasta no computador só com ""jogadores ídolos de rivais que jogaram no spfc"" kkk https://t.co/owITm0dwKZ","🇪🇸🇸🇦 A Arábia Saudita é a seleção que o São Paulo enfrentou mais vezes até hoje: foram quatro partidas - e, em uma delas, o Tricolor contou com uma participação especial. Saiba mais &gt; https://t.co/gNDD3Dg6ub #SPFCpédia #MemóriaTricolor 🇾🇪 https://t.co/4XRiDNcKFk",OUTRO,OUTRO,2026-06-21T14:00:41.000Z,2348,21,12,119,7,3,0,,,,,,,,NAO,,
c7cba80b1ae4b985,2068695603400335778,Sao Paulo,QUOTE,a seleção que o são paulo mais enfrentou foi a arábia..... pqp galera todos os sinais estão aí https://t.co/si1tewbnEk,"🇪🇸🇸🇦 A Arábia Saudita é a seleção que o São Paulo enfrentou mais vezes até hoje: foram quatro partidas - e, em uma delas, o Tricolor contou com uma participação especial. Saiba mais &gt; https://t.co/gNDD3Dg6ub #SPFCpédia #MemóriaTricolor 🇾🇪 https://t.co/4XRiDNcKFk",OUTRO,OUTRO,2026-06-21T14:00:41.000Z,2348,21,12,0,0,0,0,,,,,,,,NAO,,
d14d1fb1a80beb23,2068695603400335778,Sao Paulo,QUOTE,"Pouquíssimas pessoas sabem dessa história, quando Rivelino emprestou sua talentosa perna esquerda ao Tricolor do Morumbi. https://t.co/hgOJsCn3Xk","🇪🇸🇸🇦 A Arábia Saudita é a seleção que o São Paulo enfrentou mais vezes até hoje: foram quatro partidas - e, em uma delas, o Tricolor contou com uma participação especial. Saiba mais &gt; https://t.co/gNDD3Dg6ub #SPFCpédia #MemóriaTricolor 🇾🇪 https://t.co/4XRiDNcKFk",OUTRO,OUTRO,2026-06-21T14:00:41.000Z,2348,21,12,4,1,0,0,,,,,,,,NAO,,
ea11d0b808834c3b,2068695603400335778,Sao Paulo,QUOTE,👓❤️🤍🖤🫡 https://t.co/5qkQsDhV7l,"🇪🇸🇸🇦 A Arábia Saudita é a seleção que o São Paulo enfrentou mais vezes até hoje: foram quatro partidas - e, em uma delas, o Tricolor contou com uma participação especial. Saiba mais &gt; https://t.co/gNDD3Dg6ub #SPFCpédia #MemóriaTricolor 🇾🇪 https://t.co/4XRiDNcKFk",OUTRO,OUTRO,2026-06-21T14:00:41.000Z,2348,21,12,0,0,0,0,,,,,,,,NAO,,
a51ef83d03358875,2068695603400335778,Sao Paulo,REPLY,@SaoPauloFC @alline_branco_ Muito bom! Não sabia dessa,"🇪🇸🇸🇦 A Arábia Saudita é a seleção que o São Paulo enfrentou mais vezes até hoje: foram quatro partidas - e, em uma delas, o Tricolor contou com uma participação especial. Saiba mais &gt; https://t.co/gNDD3Dg6ub #SPFCpédia #MemóriaTricolor 🇾🇪 https://t.co/4XRiDNcKFk",OUTRO,OUTRO,2026-06-21T14:00:41.000Z,2348,21,12,7,0,0,0,,,,,,,,NAO,,
c34ee5892794c97f,2068695603400335778,Sao Paulo,REPLY,@SaoPauloFC 🤣🤣🤣🤣🤣🤣🤣,"🇪🇸🇸🇦 A Arábia Saudita é a seleção que o São Paulo enfrentou mais vezes até hoje: foram quatro partidas - e, em uma delas, o Tricolor contou com uma participação especial. Saiba mais &gt; https://t.co/gNDD3Dg6ub #SPFCpédia #MemóriaTricolor 🇾🇪 https://t.co/4XRiDNcKFk",OUTRO,OUTRO,2026-06-21T14:00:41.000Z,2348,21,12,0,0,0,0,,,,,,,,NAO,,
db7277bb56d82ab1,2068710918272299094,Sao Paulo,QUOTE,estou gag com esse lacre https://t.co/GEm1Dt0LEc https://t.co/sRZE8oamku,A Camiseta Retrô 1971 resgata a essência do Tricolor com um visual clássico que nunca sai de moda. Reviva essa tradição e garanta já a sua na SAO Store! https://t.co/EspuoUfPPv https://t.co/zQW9dckf4G,PRODUTO_CAMISA,PRODUTO_OFICIAL,2026-06-21T15:01:32.000Z,328,3,1,0,0,0,0,,,,,,,,NAO,,
b0bb772ef815c247,2068741371461070982,Sao Paulo,REPLY,@SaoPauloFC Sem essa de Rafinha em !!!,Momentos da nossa semana de treinamentos no SuperCT 🎥 Gutierre Filmes #VamosSãoPaulo 🇾🇪 https://t.co/bWWJRdrrAY,OUTRO,OUTRO,2026-06-21T17:02:32.000Z,555,7,0,0,0,0,0,,,,,,,,NAO,,
df7b43b5f552e516,2068741371461070982,Sao Paulo,REPLY,@SaoPauloFC Essa diretoria sem vergonha já mandou o Rafinha embora?,Momentos da nossa semana de treinamentos no SuperCT 🎥 Gutierre Filmes #VamosSãoPaulo 🇾🇪 https://t.co/bWWJRdrrAY,OUTRO,OUTRO,2026-06-21T17:02:32.000Z,555,7,0,2,0,0,0,,,,,,,,NAO,,
